Workbook
Name Do?um_tarihi: program!$A$7
Name Doðum_tarihi: program!$FZ$1
Name Excel_BuiltIn__FilterDatabase: program!$F$1:$F$300
Name Excel_BuiltIn__FilterDatabase: veri!$A$1:$K$138
Name Gün_Kayıbı: program!$H$1
Name Gün_kayýbý: program!$FW$1
Name Kaza_tarihi: program!#REF!
Name sanat_neden: program!$GD$1

Sheet veri
A1: Sicil No | B1: Adı | C1: Soyadı | D1: Doğum-tarihi | E1: Kaza-tarihi | F1: Saat | G1: Sanatı | H1: Yer | I1: Neden | J1: Uzuv | K1: Gün-Kayıbı | L1: Kazanın Kısa Açıklaması | N1: Y.A. İŞÇİ SAYISI | O1: Y.Ü. İŞÇİ SAYISI | Q1: Y.A. YEVMİYE SAYISI | R1: Y.Ü. YEVMİYE SAYISI | S1: TOPLAM YEVMİYE
A2: 986 | B2: ERHAN | C2: ÇİÇEK | D2: 28194 | E2: 45674 | F2: 0.76041667 | G2: 55 | H2: 32 | I2: 1130 | J2: 99 | K2: 0 | L2: 904 kapı numaralı PC 400 ekskavatörün; çalışma esnasmda motor kısmından alev yükselmesi | M2: Ocak | O2: 231 | R2: 4512 | S2: =R2 -> 4512
A3: 1051 | B3: METİN | C3: TURAN | D3: 14.05.1973 | E3: 14.06.2025 | F3: 0.50694444 | G3: 63 | H3: 42 | I3: 1990 | J3: 15 | K3: 0 | L3: Toplanma yerinde dinlenme esnasında dudağında meydana gelen kanama. | M3: Şubat | O3: 233 | R3: 4253 | S3: =R3 -> 4253
A4: 910 | B4: NAİM | C4: ÇAKAR | D4: 01.05.1978 | E4: 14.06.2025 | F4: 0.54166667 | G4: 70 | H4: 33 | I4: 460 | J4: 30 | K4: 0 | L4: Ekskavatör hidrolik pistonunu sökerken, basınçlı yağın kola vurması sonucunda sol kolda şişme. | M4: Mart | O4: 233 | R4: 4304 | S4: =R4 -> 4304
A5: 876 | B5: ERDOĞAN | C5: DEMİRTAŞ | D5: 08.02.1977 | E5: 20.06.2025 | F5: 0.5 | G5: 59 | H5: 41 | I5: 340 | J5: 45 | K5: 50 | L5: Sulama tankerinden inerken ayağını kırma. | M5: 3 AYLIK
A6: 921 | B6: SALİH | C6: YILDIZ | D6: 02.01.1978 | E6: 27.06.2025 | F6: 0.90972222 | G6: 53 | H6: 32 | I6: 1130 | J6: 99 | K6: 0 | L6: PC1100 Ekskavatör turbo bölümünde yangın çıkması, operatörde fiziki yaralanma yoktur. | M6: Nisan | O6: 234 | R6: 3713 | S6: =R6 -> 3713
A7: 364 | B7: FERDİ | C7: UZUN | D7: 16.02.1999 | E7: 21.07.2025 | F7: 0.50694444 | G7: 96 | H7: 35 | I7: 380 | J7: 52 | K7: 2 | L7: İşletme Müdürlüğümüz önündeki bankta otururken dengesini kaybederek sırt üstü düşmesİ. | M7: Mayıs | O7: 232 | R7: 4259 | S7: =R7 -> 4259
A8: 953 | B8: RECEP | C8: VARDAR | D8: 26.05.1982 | E8: 24.10.2025 | F8: 0.75347222 | G8: 55 | H8: 32 | I8: 340 | J8: 44 | K8: 26 | L8: 904 kapı nolu ekskavatörden inerken ayağını burkma | M8: Haziran | O8: 230 | R8: 3509 | S8: =R8 -> 3509
A9: 1061 | B9: EMRE | C9: ENGİN | D9: 19.07.1991 | E9: 25.11.2025 | F9: 0.42708333 | G9: 70 | H9: 33 | I9: 220 | J9: 45 | K9: 0 | L9: Takozun üzerindeki İş makinesi pistonunun takoz üzerinden sıyrılarak ayak üzerine düşmesi | M9: 6 AYLIK
A10: 928 | B10: HASAN NİHAT | C10: GEZER | D10: 27.10.1981 | E10: 01.12.2025 | F10: 0.51388889 | G10: 86 | H10: 33 | I10: 440 | J10: 30 | K10: 4 | L10: Elektrik atölyesi giriş kapısının köşebendine takılmas ısonucu sağ kolunda 3-5 cm kesik oluşması | M10: Temmuz | O10: 230 | R10: 3509 | S10: =R10 -> 3509
M11: Ağustos | O11: 230 | R11: 3509 | S11: =R11 -> 3509
M12: Eylül | O12: 227 | R12: 4283 | S12: =R12 -> 4283
M13: 9 AYLIK
M14: Ekim | O14: 226 | R14: 4462 | S14: =R14 -> 4462
M15: Kasım | O15: 226 | R15: 4166 | S15: =R15 -> 4166
M16: Aralık | O16: 228 | R16: 5173 | S16: =R16 -> 5173
O17: 228 | Q17: =SUM(Q2:Q16) -> 0 | R17: =SUM(R2:R4,R6:R8,R10:R12,R14:R16) -> 49652 | S17: =SUM(S2:S16) -> 49652

Sheet program
A1: {=veri!$D$1:$K$357} -> Doğum-tarihi | B1: Kaza-tarihi | C1: Saat | D1: Sanatı | E1: Yer | F1: Neden | G1: Uzuv | H1: Gün-Kayıbı | N1: KAZA YERİ | O1: ADET | P1: YERALTI SANATLARI | Q1: ADET | R1: YERÜSTÜ SANATLARI | S1: ADET | T1: AYRINTILI KAZA NEDENİ | U1: AÇIKLAMA / ALT ÖRNEKLER | V1: ADET | X1: KAZA TÜRÜ | Y1: SAYI | AE1: AY | AF1: ADET | AH1: GÜN | AI1: ADET | AK1: SAAT | AL1: ADET | AN1: YAŞ | AO1: ADET | AQ1: GÜN KAYBI | AR1: ADET | AS1: TOP.GÜN | AU1: ÖLÜ | AV1: YERALTI | AW1: YERÜSTÜ
A2: 28194 | B2: 45674 | C2: 0.76041667 | D2: 55 | E2: 32 | F2: 1130 | G2: 99 | H2: 0 | L2: Toplam Kazalı: | M2: =COUNTIF(D:D,">=1") -> 9 | N2: 11: Ayak İçi / Pano | O2: =COUNTIF(E:E,11) -> 0 | P2: 1: MEKANİZE KAZI OP. / Shearer Op. | Q2: =COUNTIF(D:D,1) -> 0 | R2: 51: DOZER OP. / Dozerci | S2: =COUNTIF(D:D,51) -> 0 | T2: 01 - GÖÇÜK / TAŞ-KÖMÜR DÜŞMESİ /KAYMA (Fall of Ground / Slide) | X2: Göçük / Taş-Kömür Düşmesi/Kayma | Y2: =SUM(V3:V9) -> 0 | AE2: Ocak | AF2: =SUMPRODUCT((MONTH(veri!E3:E497)=1)*(veri!E3:E497<>"")) -> 0 | AH2: Pazartesi | AI2: =SUMPRODUCT((WEEKDAY(veri!E3:E497,2)=1)*(veri!E3:E497<>"")) -> 2 | AK2: 0-2 | AL2: =COUNTIFS(veri!F:F,">="&0,veri!F:F,"<"&2) -> 9 | AN2: <=20 | AO2: =SUMPRODUCT(((veri!E3:E497-veri!D3:D497)/365.25<=20)*(veri!E3:E497<>"")) -> 0 | AQ2: 1-3 | AR2: =COUNTIFS(veri!K:K,">0",veri!K:K,"<=3") -> 1 | AS2: =SUMIFS(veri!K:K,veri!K:K,">0",veri!K:K,"<=3") -> 2 | AU2: Ölü sayısı | AV2: =COUNTIFS(veri!H:H,"<=22",veri!K:K,">=6000") -> 0 | AW2: =COUNTIFS(veri!H:H,">=31",veri!K:K,">=6000") -> 0
A3: 14.05.1973 | B3: 14.06.2025 | C3: 0.50694444 | D3: 63 | E3: 42 | F3: 1990 | G3: 15 | H3: 0 | L3: Yerüstü Kayıtlılar | M3: =COUNTIF(D:D,">50") -> 9 | N3: 12: Hazırlık Galerisi / Malz.Baca | O3: =COUNTIF(E:E,12) -> 0 | P3: 2: YÜR.TAHKİMAT SÜR. / Şilt Sürücü | Q3: =COUNTIF(D:D,2) -> 0 | R3: 52: EKSKAVATÖR OP. / Kepçeci | S3: =COUNTIF(D:D,52) -> 0 | T3: 0110: Tavandan taş/kömür düşmesi - Bump/Plaka | U3: Tavan taşı kopması, taş sekmesi, plaka düşmesi, kavlak düşmesi | V3: =COUNTIF(F:F,"=110") -> 0 | X3: Malzeme Düşmesi / Sıkışma / Ezilme | Y3: =SUM(V11:V17) -> 1 | AE3: Şubat | AF3: =SUMPRODUCT((MONTH(veri!E3:E497)=2)*(veri!E3:E497<>"")) -> 0 | AH3: Salı | AI3: =SUMPRODUCT((WEEKDAY(veri!E3:E497,2)=2)*(veri!E3:E497<>"")) -> 1 | AK3: 2-4 | AL3: =COUNTIFS(veri!F:F,">="&2,veri!F:F,"<"&4) -> 0 | AN3: 20-25 | AO3: =SUMPRODUCT(((veri!E3:E497-veri!D3:D497)/365.25>20)*((veri!E3:E497-veri!D3:D497)/365.25<=25)*(veri!E3:E497<>"")) -> 0 | AQ3: 3-7 | AR3: =COUNTIFS(veri!K:K,">3",veri!K:K,"<=7") -> 1 | AS3: =SUMIFS(veri!K:K,veri!K:K,">3",veri!K:K,"<=7") -> 4
A4: 01.05.1978 | B4: 14.06.2025 | C4: 0.54166667 | D4: 70 | E4: 33 | F4: 460 | G4: 30 | H4: 0 | L4: Yeraltı Kayıtlılar | M4: =M2-M3 -> 0 | N4: 13: Kömür Baca / Kömür Yolu | O4: =COUNTIF(E:E,13) -> 0 | P4: 3: Y.A.HAZ.İŞÇİSİ / Hazırlıkçı | Q4: =COUNTIF(D:D,3) -> 0 | R4: 53: İŞ MAK.OP. / Makine Operatörü | S4: =COUNTIF(D:D,53) -> 1 | T4: 0120: Yan duvar/kanat düşmesi - Rib fall | U4: Ayna kenarı, galeri yan duvarı çökmesi, rib düşmesi | V4: =COUNTIF(F:F,"=120") -> 0 | X4: Düşme (Kişi) / Kayma | Y4: =SUM(V19:V26) -> 3 | AE4: Mart | AF4: =SUMPRODUCT((MONTH(veri!E3:E497)=3)*(veri!E3:E497<>"")) -> 0 | AH4: Çarşamba | AI4: =SUMPRODUCT((WEEKDAY(veri!E3:E497,2)=3)*(veri!E3:E497<>"")) -> 0 | AK4: 4-6 | AL4: =COUNTIFS(veri!F:F,">="&4,veri!F:F,"<"&6) -> 0 | AN4: 25-30 | AO4: =SUMPRODUCT(((veri!E3:E497-veri!D3:D497)/365.25>25)*((veri!E3:E497-veri!D3:D497)/365.25<=30)*(veri!E3:E497<>"")) -> 1 | AQ4: 7-15 | AR4: =COUNTIFS(veri!K:K,">7",veri!K:K,"<=15") -> 0 | AS4: =SUMIFS(veri!K:K,veri!K:K,">7",veri!K:K,"<=15") -> 0
A5: 08.02.1977 | B5: 20.06.2025 | C5: 0.5 | D5: 59 | E5: 41 | F5: 340 | G5: 45 | H5: 50 | N5: 14: Ana İhraç Yolu / Galeri | O5: =COUNTIF(E:E,14) -> 0 | P5: 4: Y.A.HAZ.İŞÇ.YEDEK | Q5: =COUNTIF(D:D,4) -> 0 | R5: 54: GREYDER OP. / Greyderci | S5: =COUNTIF(D:D,54) -> 0 | T5: 0130: Ayna göçüğü / Ayna düşmesi | U5: Kazı aynasından kopma, ayna çökmesi | V5: =COUNTIF(F:F,"=130") -> 0 | X5: Çarpma / Vurma / Batma | Y5: =SUM(V28:V34) -> 2 | AE5: Nisan | AF5: =SUMPRODUCT((MONTH(veri!E3:E497)=4)*(veri!E3:E497<>"")) -> 0 | AH5: Perşembe | AI5: =SUMPRODUCT((WEEKDAY(veri!E3:E497,2)=4)*(veri!E3:E497<>"")) -> 0 | AK5: 6-8 | AL5: =COUNTIFS(veri!F:F,">="&6,veri!F:F,"<"&8) -> 0 | AN5: 30-35 | AO5: =SUMPRODUCT(((veri!E3:E497-veri!D3:D497)/365.25>30)*((veri!E3:E497-veri!D3:D497)/365.25<=35)*(veri!E3:E497<>"")) -> 1 | AQ5: 15-30 | AR5: =COUNTIFS(veri!K:K,">15",veri!K:K,"<=30") -> 1 | AS5: =SUMIFS(veri!K:K,veri!K:K,">15",veri!K:K,"<=30") -> 26
A6: 02.01.1978 | B6: 27.06.2025 | C6: 0.90972222 | D6: 53 | E6: 32 | F6: 1130 | G6: 99 | H6: 0 | L6: Yerüstü Kazası | M6: =COUNTIF(E:E,">30") -> 9 | N6: 15: Bant Boyu / Konveyör Yolu | O6: =COUNTIF(E:E,15) -> 0 | P6: 5: Y.A.HAZ.USTASI / Ekip Başı | Q6: =COUNTIF(D:D,5) -> 0 | R6: 55: YÜKLEYİCİ OP. / Loderci | S6: =COUNTIF(D:D,55) -> 2 | T6: 0160: Topuk/Ayak göçüğü - Longwall | U6: Uzunayak topuk göçmesi, pano içi toprak kayması | V6: =COUNTIF(F:F,"=160") -> 0 | X6: Motorlu Nakliye / Araç Kazası | Y6: =SUM(V36:V42) -> 0 | AE6: Mayıs | AF6: =SUMPRODUCT((MONTH(veri!E3:E497)=5)*(veri!E3:E497<>"")) -> 0 | AH6: Cuma | AI6: =SUMPRODUCT((WEEKDAY(veri!E3:E497,2)=5)*(veri!E3:E497<>"")) -> 3 | AK6: 8-10 | AL6: =COUNTIFS(veri!F:F,">="&8,veri!F:F,"<"&10) -> 0 | AN6: 35-40 | AO6: =SUMPRODUCT(((veri!E3:E497-veri!D3:D497)/365.25>35)*((veri!E3:E497-veri!D3:D497)/365.25<=40)*(veri!E3:E497<>"")) -> 0 | AQ6: >30 | AR6: =COUNTIFS(veri!K:K,">30",veri!K:K,"<=6000") -> 1 | AS6: =SUMIFS(veri!K:K,veri!K:K,">30",veri!K:K,"<=6000") -> 50
A7: 16.02.1999 | B7: 21.07.2025 | C7: 0.50694444 | D7: 96 | E7: 35 | F7: 380 | G7: 52 | H7: 2 | L7: Yeraltı Kazası | M7: =M2-M6 -> 0 | N7: 16: Kuyu / Eğimli Kuyu | O7: =COUNTIF(E:E,16) -> 0 | P7: 6: Y.A.MAD.HAZ.ELEM. | Q7: =COUNTIF(D:D,6) -> 0 | R7: 56: FORKLİFT OP. / Forkliftçi | S7: =COUNTIF(D:D,56) -> 0 | T7: 0170: Açık ocak şev kayması / Göçüğü | U7: Highwall kayması, basamak göçüğü, şev hareketi | V7: =COUNTIF(F:F,"=170") -> 0 | X7: Motorsuz Nakliye / El Arabası | Y7: =SUM(V44:V46) -> 0 | AE7: Haziran | AF7: =SUMPRODUCT((MONTH(veri!E3:E497)=6)*(veri!E3:E497<>"")) -> 4 | AH7: Cumartesi | AI7: =SUMPRODUCT((WEEKDAY(veri!E3:E497,2)=6)*(veri!E3:E497<>"")) -> 2 | AK7: 10-12 | AL7: =COUNTIFS(veri!F:F,">="&10,veri!F:F,"<"&12) -> 0 | AN7: 40-45 | AO7: =SUMPRODUCT(((veri!E3:E497-veri!D3:D497)/365.25>40)*((veri!E3:E497-veri!D3:D497)/365.25<=45)*(veri!E3:E497<>"")) -> 2 | AQ7: TOPLAM | AR7: =SUM(AR2:AR6) -> 4 | AS7: =SUM(AS2:AS6) -> 82
A8: 26.05.1982 | B8: 24.10.2025 | C8: 0.75347222 | D8: 55 | E8: 32 | F8: 340 | G8: 44 | H8: 26 | N8: 17: Vinç Altı / Pompa İst. | O8: =COUNTIF(E:E,17) -> 0 | P8: 7: BEDEN İŞÇ.(Y.A.) / Amele | Q8: =COUNTIF(D:D,7) -> 0 | R8: 57: VİNÇ OP. / Vinççi | S8: =COUNTIF(D:D,57) -> 0 | T8: 0180: Dolgu/Tavan arası çökmesi | U8: Dolgu malzemesi akması, tavan arası göçük | V8: =COUNTIF(F:F,"=180") -> 0 | X8: Vinç / Kaldırma | Y8: =SUM(V48:V52) -> 0 | AE8: Temmuz | AF8: =SUMPRODUCT((MONTH(veri!E3:E497)=7)*(veri!E3:E497<>"")) -> 1 | AH8: Pazar | AI8: =SUMPRODUCT((WEEKDAY(veri!E3:E497,2)=7)*(veri!E3:E497<>"")) -> 0 | AK8: 12-14 | AL8: =COUNTIFS(veri!F:F,">="&12,veri!F:F,"<"&14) -> 0 | AN8: 45-50 | AO8: =SUMPRODUCT(((veri!E3:E497-veri!D3:D497)/365.25>45)*((veri!E3:E497-veri!D3:D497)/365.25<=50)*(veri!E3:E497<>"")) -> 3
A9: 19.07.1991 | B9: 25.11.2025 | C9: 0.42708333 | D9: 70 | E9: 33 | F9: 220 | G9: 45 | H9: 0 | L9: Toplam Gün Kaybı | M9: =SUM(H2:H500) -> 82 | N9: 18: Tertip Odası / Beke | O9: =COUNTIF(E:E,18) -> 0 | P9: 8: DELİKÇİ / Perforatörcü | Q9: =COUNTIF(D:D,8) -> 0 | R9: 58: KAMYON ŞOF. / Damperci | S9: =COUNTIF(D:D,58) -> 0 | T9: 0190: Diğer göçük/düşme olayları | U9: Sınıflandırılamayan göçük olayları | V9: =COUNTIF(F:F,"=190") -> 0 | X9: Makine Kazası / Ekipman | Y9: =SUM(V54:V61) -> 0 | AE9: Ağustos | AF9: =SUMPRODUCT((MONTH(veri!E3:E497)=8)*(veri!E3:E497<>"")) -> 0 | AH9: TOPLAM | AI9: =SUM(AI2:AI8) -> 8 | AK9: 14-16 | AL9: =COUNTIFS(veri!F:F,">="&14,veri!F:F,"<"&16) -> 0 | AN9: >50 | AO9: =SUMPRODUCT(((veri!E3:E497-veri!D3:D497)/365.25>50)*(veri!E3:E497<>"")) -> 1 | AQ9: GÜN KAYBI | AR9: YERALTI | AS9: YERÜSTÜ
A10: 27.10.1981 | B10: 01.12.2025 | C10: 0.51388889 | D10: 86 | E10: 33 | F10: 440 | G10: 30 | H10: 4 | N10: 19: Kavşak / Sapak Noktası | O10: =COUNTIF(E:E,19) -> 0 | P10: 9: ATEŞÇİ / Dinamitçi | Q10: =COUNTIF(D:D,9) -> 0 | R10: 59: KAYA KAM.OP. / Ağır Kamyon | S10: =COUNTIF(D:D,59) -> 1 | T10: 02 - MALZEME DÜŞMESİ / SIKIŞMA / EZİLME (Struck By) | X10: Elektrik Kazası | Y10: =SUM(V63:V66) -> 0 | AE10: Eylül | AF10: =SUMPRODUCT((MONTH(veri!E3:E497)=9)*(veri!E3:E497<>"")) -> 0 | AK10: 16-18 | AL10: =COUNTIFS(veri!F:F,">="&16,veri!F:F,"<"&18) -> 0 | AN10: TOPLAM | AO10: =SUM(AO2:AO9) -> 8 | AQ10: Toplam gün | AR10: =SUMIFS(veri!K:K,veri!H:H,"<=22") -> 0 | AS10: =SUMIFS(veri!K:K,veri!H:H,">=31") -> 82
A11: 0 | B11: 0 | C11: 0 | D11: 0 | E11: 0 | F11: 0 | G11: 0 | H11: 0 | N11: 20: Havalandırma / Kaçamak Yolu | O11: =COUNTIF(E:E,20) -> 0 | P11: 10: ZEM.DELGİ MAK.OP. / Boltçu | Q11: =COUNTIF(D:D,10) -> 0 | R11: 60: ŞOFÖR / Servis Şoförü | S11: =COUNTIF(D:D,60) -> 0 | T11: 0210: Malzeme arası sıkışma - El/Parmak | U11: Bağ, oluk, kama, boyunduruk arasına el/parmak sıkışması | V11: =COUNTIF(F:F,"=210") -> 0 | X11: Gaz-Toz Patlaması / Grizu | Y11: =SUM(V68:V72) -> 0 | AE11: Ekim | AF11: =SUMPRODUCT((MONTH(veri!E3:E497)=10)*(veri!E3:E497<>"")) -> 1 | AK11: 18-20 | AL11: =COUNTIFS(veri!F:F,">="&18,veri!F:F,"<"&20) -> 0
A12: 0 | B12: 0 | C12: 0 | D12: 0 | E12: 0 | F12: 0 | G12: 0 | H12: 0 | N12: 21: Dolgu / Tavan Arası | O12: =COUNTIF(E:E,21) -> 0 | P12: 11: TAHKİMATÇI / Bağcı-Direkçi | Q12: =COUNTIF(D:D,11) -> 0 | R12: 61: TESİS İŞÇ. / Kırıcı Op. | S12: =COUNTIF(D:D,61) -> 0 | T12: 0220: Makine/ekipman parçası düşmesi | U12: Makine parçası, el aleti üzerine düşmesi | V12: =COUNTIF(F:F,"=220") -> 1 | X12: Yangın | Y12: =SUM(V74:V79) -> 2 | AE12: Kasım | AF12: =SUMPRODUCT((MONTH(veri!E3:E497)=11)*(veri!E3:E497<>"")) -> 1 | AK12: 20-22 | AL12: =COUNTIFS(veri!F:F,">="&20,veri!F:F,"<"&22) -> 0
A13: 0 | B13: 0 | C13: 0 | D13: 0 | E13: 0 | F13: 0 | G13: 0 | H13: 0 | N13: 22: YA Diğer | O13: =COUNTIF(E:E,22) -> 0 | P13: 12: KONVEYÖR OP. / Bantçı | Q13: =COUNTIF(D:D,12) -> 0 | R13: 62: TESİS İŞÇ.2 / Tesis Yrd. | S13: =COUNTIF(D:D,62) -> 0 | T13: 0230: Tahkimat malzemesi düşmesi | U13: Kama düşmesi, direk kayması, tahkimat montajı sırasında | V13: =COUNTIF(F:F,"=230") -> 0 | X13: Su Baskını / İnündasyon | Y13: =SUM(V81:V84) -> 0 | AE13: Aralık | AF13: =SUMPRODUCT((MONTH(veri!E3:E497)=12)*(veri!E3:E497<>"")) -> 1 | AK13: 22-24 | AL13: =COUNTIFS(veri!F:F,">="&22,veri!F:F,"<"&24) -> 0
A14: 0 | B14: 0 | C14: 0 | D14: 0 | E14: 0 | F14: 0 | G14: 0 | H14: 0 | N14: 31: Tesisler / Kırıcı-Silo-Tikiner | O14: =COUNTIF(E:E,31) -> 0 | P14: 13: MONORAY OP. / Kulikar Op. | Q14: =COUNTIF(D:D,13) -> 0 | R14: 63: MANEVRACI / Harmancı | S14: =COUNTIF(D:D,63) -> 1 | T14: 0240: Dönen/hareketli parçaya kapılma | U14: Mil, kayış, dişli, konveyör ruloya kapılma | V14: =COUNTIF(F:F,"=240") -> 0 | X14: Patlayıcı Madde / Dinamit | Y14: =SUM(V86:V90) -> 0 | AE14: TOPLAM | AF14: =SUM(AF2:AF13) -> 8 | AK14: TOPLAM | AL14: =SUM(AL2:AL13) -> 9
A15: 0 | B15: 0 | C15: 0 | D15: 0 | E15: 0 | F15: 0 | G15: 0 | H15: 0 | N15: 32: Açık Ocak / Şev Kenarı | O15: =COUNTIF(E:E,32) -> 3 | P15: 14: DESANDRE VİNÇÇİSİ / Vinççi | Q15: =COUNTIF(D:D,14) -> 0 | R15: 64: KANTAR GÖR. / Kantarcı | S15: =COUNTIF(D:D,64) -> 0 | T15: 0250: Konveyör/bant kazası - Kapılma | U15: Bant sistemine kapılma, bant kayışı kopması, ürün sıkışması | V15: =COUNTIF(F:F,"=250") -> 0 | X15: Elle Taşıma / Zorlanma / Burkulma | Y15: =SUM(V92:V95) -> 0
A16: 0 | B16: 0 | C16: 0 | D16: 0 | E16: 0 | F16: 0 | G16: 0 | H16: 0 | N16: 33: Atölyeler / Kaynakhane | O16: =COUNTIF(E:E,33) -> 3 | P16: 15: MALZ.TAK.DAĞ.İŞÇ. / Malzemeci | Q16: =COUNTIF(D:D,15) -> 0 | R16: 65: NUMUNECİ / Numune Alma El. | S16: =COUNTIF(D:D,65) -> 0 | T16: 0260: Yükleme/boşaltma sırasında ezilme | U16: Araç-malzeme arasına sıkışma, damper altında kalma | V16: =COUNTIF(F:F,"=260") -> 0 | X16: Mahsur Kalma / Entrapment | Y16: =SUM(V97:V100) -> 0
A17: 0 | B17: 0 | C17: 0 | D17: 0 | E17: 0 | F17: 0 | G17: 0 | H17: 0 | N17: 34: Pazarlama / Kantar Sahası | O17: =COUNTIF(E:E,34) -> 0 | P17: 16: TAMİR BAKIM USTA / Mekanikçi | Q17: =COUNTIF(D:D,16) -> 0 | R17: 66: BEDEN İŞÇ.(Y.Ü.) / Amele | S17: =COUNTIF(D:D,66) -> 0 | T17: 0270: Diğer malzeme düşmesi/sıkışma | U17: Sınıflandırılamayan sıkışma/ezilme olayları | V17: =COUNTIF(F:F,"=270") -> 0 | X17: Sıcak Çalışma / Kaynak | Y17: =SUM(V102:V105) -> 0
A18: 0 | B18: 0 | C18: 0 | D18: 0 | E18: 0 | F18: 0 | G18: 0 | H18: 0 | N18: 35: Sosyal Tes. / İdari Bina | O18: =COUNTIF(E:E,35) -> 1 | P18: 17: ELEKTRİKÇİ(Y.A.) | Q18: =COUNTIF(D:D,17) -> 0 | R18: 67: TAH.TAH.İŞÇ. / Yükçü | S18: =COUNTIF(D:D,67) -> 0 | T18: 03 - DÜŞME KİŞİ (Slip or Fall of Person) | X18: Sağlık Sorunu / İşyerinde | Y18: =SUM(V107:V115) -> 0
A19: 0 | B19: 0 | C19: 0 | D19: 0 | E19: 0 | F19: 0 | G19: 0 | H19: 0 | N19: 36: Servis Yolu / Ulaşım | O19: =COUNTIF(E:E,36) -> 0 | P19: 18: EL.ELEK.TEK. / Otomasyon Tek. | Q19: =COUNTIF(D:D,18) -> 0 | R19: 68: AKARYAKIT SOR. / Yakıt İst.Şefi | S19: =COUNTIF(D:D,68) -> 0 | T19: 0310: Yürürken düşme / Aynı seviye | U19: Yürürken kayma, ıslak/çamurlu zeminde kayarak düşme, ayak burkması sonrası düşme | V19: =COUNTIF(F:F,"=310") -> 0 | X19: Basınçlı Kap Patl. / Hortum | Y19: =SUM(V117:V120) -> 0
A20: 0 | B20: 0 | C20: 0 | D20: 0 | E20: 0 | F20: 0 | G20: 0 | H20: 0 | N20: 37: Laboratuvar / Numune Haz. | O20: =COUNTIF(E:E,37) -> 0 | P20: 19: TULUMBACI / Pompacı | Q20: =COUNTIF(D:D,19) -> 0 | R20: 69: AKARYAKIT DOL. / Pompacı-Yakıtçı | S20: =COUNTIF(D:D,69) -> 0 | T20: 0320: Yüksekten düşme - Platform/Merdiven | U20: Merdivenden, stok yığınından, basamaktan, platform, iskeleden düşme | V20: =COUNTIF(F:F,"=320") -> 0 | X20: Diğer Nedenler | Y20: =SUM(V122:V129) -> 1
A21: 0 | B21: 0 | C21: 0 | D21: 0 | E21: 0 | F21: 0 | G21: 0 | H21: 0 | N21: 38: Pasa Döküm / Stok Sahası | O21: =COUNTIF(E:E,38) -> 0 | P21: 20: KUM.MERKEZİ OP. / Panel Op. | Q21: =COUNTIF(D:D,20) -> 0 | R21: 70: İŞ MAK.BAK.ON. / Ağır Mak.Tam. | S21: =COUNTIF(D:D,70) -> 2 | T21: 0330: Boşluğa/kanala düşme - Hendek | U21: Su kanalı, kulikar yolu boşluğu, hendek, çukur | V21: =COUNTIF(F:F,"=330") -> 0 | X21: TOPLAM | Y21: =SUM(Y2:Y20) -> 9
A22: 0 | B22: 0 | C22: 0 | D22: 0 | E22: 0 | F22: 0 | G22: 0 | H22: 0 | N22: 39: Malzeme Deposu / Ambar | O22: =COUNTIF(E:E,39) -> 0 | P22: 21: İŞL.ELEK.BAKIMCI | Q22: =COUNTIF(D:D,21) -> 0 | R22: 71: İŞ MAK.BAK.ON.2 / Mek.Çırağı | S22: =COUNTIF(D:D,71) -> 0 | T22: 0340: Araçtan/iş makinesinden düşme | U22: Kamyon, iş makinesi, servis, kulikar, monoray, araçtan inerken/binerken düşme | V22: =COUNTIF(F:F,"=340") -> 2
A23: 0 | B23: 0 | C23: 0 | D23: 0 | E23: 0 | F23: 0 | G23: 0 | H23: 0 | N23: 40: Bant Hattı (Yerüstü) | O23: =COUNTIF(E:E,40) -> 0 | P23: 22: MADEN TEKNİKERİ / Tek.Gözetmen | Q23: =COUNTIF(D:D,22) -> 0 | R23: 72: MEK.BAK.ON. / Mekanikçi | S23: =COUNTIF(D:D,72) -> 0 | T23: 0350: Kuyu/eğimli kuyu içi düşme | U23: Kuyu, bacada kayma/düşme, skip üzerinden düşme | V23: =COUNTIF(F:F,"=350") -> 0
A24: 0 | B24: 0 | C24: 0 | D24: 0 | E24: 0 | F24: 0 | G24: 0 | H24: 0 | N24: 41: Park / Garaj Sahası | O24: =COUNTIF(E:E,41) -> 1 | P24: 23: ÖLÇÜ TESPİT ELEM. / Ölçücü | Q24: =COUNTIF(D:D,23) -> 0 | R24: 73: MEK.BAK.ON.2 / Mek.Yrd. | S24: =COUNTIF(D:D,73) -> 0 | T24: 0360: Duran nesneye çarpıp/takılıp düşme - Ray/Kablo | U24: Raylar, hortumlar, kablolara takılıp düşme, duran nesneye çarpıp düşme | V24: =COUNTIF(F:F,"=360") -> 0
A25: 0 | B25: 0 | C25: 0 | D25: 0 | E25: 0 | F25: 0 | G25: 0 | H25: 0 | N25: 42: YÜ Diğer | O25: =COUNTIF(E:E,42) -> 1 | P25: 24: ÖLÇÜ TESPİT SOR. / Markşayder | Q25: =COUNTIF(D:D,24) -> 0 | R25: 74: KAYNAKÇI / Kaynak Ustası | S25: =COUNTIF(D:D,74) -> 0 | T25: 0370: El aleti ile çalışırken düşme | U25: El aleti çalışırken düşme | V25: =COUNTIF(F:F,"=370") -> 0
A26: 0 | B26: 0 | C26: 0 | D26: 0 | E26: 0 | F26: 0 | G26: 0 | H26: 0 | N26: TOPLAM | O26: =SUM(O2:O25) -> 9 | P26: 25: NEZARETÇİ / Vardiya Amiri | Q26: =COUNTIF(D:D,25) -> 0 | R26: 75: SOĞUK DEMİRCİ / Demirci | S26: =COUNTIF(D:D,75) -> 0 | T26: 0380: Diğer kişi düşme olayları | U26: Sınıflandırılamayan düşme olayları | V26: =COUNTIF(F:F,"=380") -> 1
A27: 0 | B27: 0 | C27: 0 | D27: 0 | E27: 0 | F27: 0 | G27: 0 | H27: 0 | P27: 26: Y.A.İSG DESTEK EL. / Gaz Ölçümcü | Q27: =COUNTIF(D:D,26) -> 0 | R27: 76: TESVİYECİ / Tesviye Ustası | S27: =COUNTIF(D:D,76) -> 0 | T27: 04 - ÇARPMA / VURMA / BATMA (Striking / Bumping)
A28: 0 | B28: 0 | C28: 0 | D28: 0 | E28: 0 | F28: 0 | G28: 0 | H28: 0 | N28: KAZALANAN UZUV | O28: ADET | P28: YA TOPLAM | Q28: =SUM(Q2:Q27) -> 0 | R28: 77: TORNACI / Torna Op. | S28: =COUNTIF(D:D,77) -> 0 | T28: 0410: Aletle çalırıken kendine vurma, sıkıştırma, çarpma, kesme | U28: Kazma ters dönmesi, anahtar vurması, levye kayması, aletle çalırışırken kendine vurmak | V28: =COUNTIF(F:F,"=410") -> 0
A29: 0 | B29: 0 | C29: 0 | D29: 0 | E29: 0 | F29: 0 | G29: 0 | H29: 0 | N29: 10: BAŞ (Genel) | O29: =COUNTIF(G:G,10) -> 0 | R29: 78: FREZECİ / Freze Op. | S29: =COUNTIF(D:D,78) -> 0 | T29: 0420: Makine/iş makinesi çarpması | U29: Kepçenin ani hareketi, makine kolu çarpması | V29: =COUNTIF(F:F,"=420") -> 0
A30: 0 | B30: 0 | C30: 0 | D30: 0 | E30: 0 | F30: 0 | G30: 0 | H30: 0 | N30: 11: Kafa/Kafatası | O30: =COUNTIF(G:G,11) -> 0 | R30: 79: DÖK.MODELCİSİ / Kalıpçı | S30: =COUNTIF(D:D,79) -> 0 | T30: 0430: Tel/çapak/kıymık batması | U30: Hasır tel, çapak sıçraması | V30: =COUNTIF(F:F,"=430") -> 0
A31: 0 | B31: 0 | C31: 0 | D31: 0 | E31: 0 | F31: 0 | G31: 0 | H31: 0 | N31: 12: Göz | O31: =COUNTIF(G:G,12) -> 0 | R31: 80: MARANGOZ / Doğramacı | S31: =COUNTIF(D:D,80) -> 0 | T31: 0440: Sabit nesneye çarpma - Tavan/Dikme/Kama | U31: Alçak tavana/dikmeleye kafa çarpma, galeri köşesine çarpma | V31: =COUNTIF(F:F,"=440") -> 1
A32: 0 | B32: 0 | C32: 0 | D32: 0 | E32: 0 | F32: 0 | G32: 0 | H32: 0 | N32: 13: Kulak | O32: =COUNTIF(G:G,13) -> 0 | R32: 81: RADYATÖR TAM. / Radyatörcü | S32: =COUNTIF(D:D,81) -> 0 | T32: 0450: Fırlayan/sıçrayan parça - Halat/Zincir | U32: Kırılan zincir, kopan halat, fırlayan parça | V32: =COUNTIF(F:F,"=450") -> 0
A33: 0 | B33: 0 | C33: 0 | D33: 0 | E33: 0 | F33: 0 | G33: 0 | H33: 0 | N33: 14: Burun | O33: =COUNTIF(G:G,14) -> 0 | R33: 82: OTO.ELEKTRİKÇİ / Araç Elek. | S33: =COUNTIF(D:D,82) -> 0 | T33: 0460: Basınçlı madde/su sıçraması - Hidrolik | U33: Hidrolik yağ, su, hava sıçraması/patlaması | V33: =COUNTIF(F:F,"=460") -> 1
A34: 0 | B34: 0 | C34: 0 | D34: 0 | E34: 0 | F34: 0 | G34: 0 | H34: 0 | N34: 15: Yüz/Çene/Alın | O34: =COUNTIF(G:G,15) -> 1 | R34: 83: BOYACI / Boya Ustası | S34: =COUNTIF(D:D,83) -> 0 | T34: 0470: Diğer çarpma/vurma olayları | U34: Sınıflandırılamayan çarpma olayları | V34: =COUNTIF(F:F,"=470") -> 0
A35: 0 | B35: 0 | C35: 0 | D35: 0 | E35: 0 | F35: 0 | G35: 0 | H35: 0 | N35: 20: BOYUN | O35: =COUNTIF(G:G,20) -> 0 | R35: 84: İNŞAAT İŞÇ. / Betoncu | S35: =COUNTIF(D:D,84) -> 0 | T35: 05 - MOTORLU NAKLİYE / ARAÇ (Powered Haulage)
A36: 0 | B36: 0 | C36: 0 | D36: 0 | E36: 0 | F36: 0 | G36: 0 | H36: 0 | N36: 30: KOL (Genel) | O36: =COUNTIF(G:G,30) -> 2 | R36: 85: İNŞAAT USTA / Kalfa | S36: =COUNTIF(D:D,85) -> 0 | T36: 0510: Servis aracı kazası - Devrilme | U36: Devrilme, çarpışma, olumsuz hava/yol koşulları, araç kapısına sıkışma | V36: =COUNTIF(F:F,"=510") -> 0
A37: 0 | B37: 0 | C37: 0 | D37: 0 | E37: 0 | F37: 0 | G37: 0 | H37: 0 | N37: 31: Omuz/Kürek Kemiği | O37: =COUNTIF(G:G,31) -> 0 | R37: 86: ELEKTRİK TEK. / Elek.Teknisyen | S37: =COUNTIF(D:D,86) -> 1 | T37: 0520: İş makinası kazası - Dozer/Ekskavatör | U37: Ekskavatör, dozer, loder kazası, devrilme | V37: =COUNTIF(F:F,"=520") -> 0
A38: 0 | B38: 0 | C38: 0 | D38: 0 | E38: 0 | F38: 0 | G38: 0 | H38: 0 | N38: 32: Üst Kol | O38: =COUNTIF(G:G,32) -> 0 | R38: 87: ELEKTRONİK TEK. / Elektronikçi | S38: =COUNTIF(D:D,87) -> 0 | T38: 0530: Maden kamyonu kazası - Damperli | U38: Damperli kamyon, arazöz, petrol tankeri, bakım aracı kazası | V38: =COUNTIF(F:F,"=530") -> 0
A39: 0 | B39: 0 | C39: 0 | D39: 0 | E39: 0 | F39: 0 | G39: 0 | H39: 0 | N39: 33: Dirsek | O39: =COUNTIF(G:G,33) -> 0 | R39: 88: HARİTA TEK. / Haritacı | S39: =COUNTIF(D:D,88) -> 0 | T39: 0540: Vagon/araba kayması - Fren | U39: Ray üstü vagonun kayması, araba freni tutmaması | V39: =COUNTIF(F:F,"=540") -> 0
A40: 0 | B40: 0 | C40: 0 | D40: 0 | E40: 0 | F40: 0 | G40: 0 | H40: 0 | N40: 34: Ön Kol | O40: =COUNTIF(G:G,34) -> 0 | R40: 89: HARİTA TEKN. / Ölçüm Tekn. | S40: =COUNTIF(D:D,89) -> 0 | T40: 0550: Kulikar/monoray kazası | U40: Yeraltı yükleyici-taşıyıcı araç kazaları | V40: =COUNTIF(F:F,"=550") -> 0
A41: 0 | B41: 0 | C41: 0 | D41: 0 | E41: 0 | F41: 0 | G41: 0 | H41: 0 | N41: 35: El Bileği | O41: =COUNTIF(G:G,35) -> 0 | R41: 90: TOPOĞRAF YRD. / Ölçüm Yrd. | S41: =COUNTIF(D:D,90) -> 0 | T41: 0560: Yaya-araç çarpışması - Manevra | U41: Yürüyen işçiye aracın çarpması, geri manevra | V41: =COUNTIF(F:F,"=560") -> 0
A42: 0 | B42: 0 | C42: 0 | D42: 0 | E42: 0 | F42: 0 | G42: 0 | H42: 0 | N42: 36: EL (Genel) | O42: =COUNTIF(G:G,36) -> 0 | R42: 91: KİMYA TEK. / Lab Tekniker | S42: =COUNTIF(D:D,91) -> 0 | T42: 0570: Diğer motorlu nakliye kazaları | U42: Sınıflandırılamayan nakliye kazaları | V42: =COUNTIF(F:F,"=570") -> 0
A43: 0 | B43: 0 | C43: 0 | D43: 0 | E43: 0 | F43: 0 | G43: 0 | H43: 0 | N43: 37: Parmaklar (El) | O43: =COUNTIF(G:G,37) -> 0 | R43: 92: KİMYA TEKN. / Analiz Tekn. | S43: =COUNTIF(D:D,92) -> 0 | T43: 06 - MOTORSUZ NAKLİYE (Non-Powered Haulage)
A44: 0 | B44: 0 | C44: 0 | D44: 0 | E44: 0 | F44: 0 | G44: 0 | H44: 0 | N44: 40: BACAK (Genel) | O44: =COUNTIF(G:G,40) -> 0 | R44: 93: İNŞ.TEK.TEKNİKERİ / İnş.Tek. | S44: =COUNTIF(D:D,93) -> 0 | T44: 0610: El arabası/manuel vagon kazası | U44: El arabası devrilmesi, elle itilen vagon çarpması | V44: =COUNTIF(F:F,"=610") -> 0
A45: 0 | B45: 0 | C45: 0 | D45: 0 | E45: 0 | F45: 0 | G45: 0 | H45: 0 | N45: 41: Kalça/Uyluk | O45: =COUNTIF(G:G,41) -> 0 | R45: 94: MAKİNE TEK. / Mak.Teknisyen | S45: =COUNTIF(D:D,94) -> 0 | T45: 0620: Kızak/oluk kayması - Chute | U45: Kızak üzerinde kayma, oluk tıkanması/patlaması | V45: =COUNTIF(F:F,"=620") -> 0
A46: 0 | B46: 0 | C46: 0 | D46: 0 | E46: 0 | F46: 0 | G46: 0 | H46: 0 | N46: 42: Diz | O46: =COUNTIF(G:G,42) -> 0 | R46: 95: MAKİNE RES. / CAD Op. | S46: =COUNTIF(D:D,95) -> 0 | T46: 0630: Diğer motorsuz nakliye | U46: Çekme halatı, zincirli taşıma sorunları | V46: =COUNTIF(F:F,"=630") -> 0
A47: 0 | B47: 0 | C47: 0 | D47: 0 | E47: 0 | F47: 0 | G47: 0 | H47: 0 | N47: 43: Alt Bacak/Baldır | O47: =COUNTIF(G:G,43) -> 0 | R47: 96: İDARİ BÜRO 1 / Büro Memuru | S47: =COUNTIF(D:D,96) -> 1 | T47: 07 - VİNÇ / KALDIRMA (Hoisting)
A48: 0 | B48: 0 | C48: 0 | D48: 0 | E48: 0 | F48: 0 | G48: 0 | H48: 0 | N48: 44: Ayak Bileği | O48: =COUNTIF(G:G,44) -> 1 | R48: 97: İDARİ BÜRO 2 / Sekreter | S48: =COUNTIF(D:D,97) -> 0 | T48: 0710: Kafes/skip kazası | U48: Kafes/skip arızası, sıkışması, kopması | V48: =COUNTIF(F:F,"=710") -> 0
A49: 0 | B49: 0 | C49: 0 | D49: 0 | E49: 0 | F49: 0 | G49: 0 | H49: 0 | N49: 45: AYAK (Genel) | O49: =COUNTIF(G:G,45) -> 2 | R49: 98: BİLG.İŞLETMENİ / PC Op. | S49: =COUNTIF(D:D,98) -> 0 | T49: 0720: Vinç halatı/zincir kopması | U49: Kaldırma halatının kopması, zincir arızası | V49: =COUNTIF(F:F,"=720") -> 0
A50: 0 | B50: 0 | C50: 0 | D50: 0 | E50: 0 | F50: 0 | G50: 0 | H50: 0 | N50: 46: Parmaklar (Ayak) | O50: =COUNTIF(G:G,46) -> 0 | R50: 99: BİLG.TEK.TEK. / BT Teknikeri | S50: =COUNTIF(D:D,99) -> 0 | T50: 0730: Kaldırma sırasında yük düşmesi | U50: Vinç ile kaldırılan yükün düşmesi/sallanması | V50: =COUNTIF(F:F,"=730") -> 0
A51: 0 | B51: 0 | C51: 0 | D51: 0 | E51: 0 | F51: 0 | G51: 0 | H51: 0 | N51: 50: GÖVDE (Genel) | O51: =COUNTIF(G:G,50) -> 0 | R51: 100: SANTRAL OP. / Santralci | S51: =COUNTIF(D:D,100) -> 0 | T51: 0740: Kuyu dibi/başı kazası | U51: Kuyu dibi/başı bekleme alanında meydana gelen kazalar | V51: =COUNTIF(F:F,"=740") -> 0
A52: 0 | B52: 0 | C52: 0 | D52: 0 | E52: 0 | F52: 0 | G52: 0 | H52: 0 | N52: 51: Göğüs/Kaburgalar | O52: =COUNTIF(G:G,51) -> 0 | R52: 101: ÇEVRE SAĞ.TEK. / Çevreci | S52: =COUNTIF(D:D,101) -> 0 | T52: 0750: Diğer vinç/kaldırma kazaları | U52: Derrick, mobil vinç, monoray kaldırıcı kazaları | V52: =COUNTIF(F:F,"=750") -> 0
A53: 0 | B53: 0 | C53: 0 | D53: 0 | E53: 0 | F53: 0 | G53: 0 | H53: 0 | N53: 52: Sırt (Üst) | O53: =COUNTIF(G:G,52) -> 1 | R53: 102: DİĞ.SAĞ.PER. / Revir Gör. | S53: =COUNTIF(D:D,102) -> 0 | T53: 08 - MAKİNE KAZASI (Machinery)
A54: 0 | B54: 0 | C54: 0 | D54: 0 | E54: 0 | F54: 0 | G54: 0 | H54: 0 | N54: 53: Bel (Alt Sırt) | O54: =COUNTIF(G:G,53) -> 0 | R54: 103: AŞÇI / Mutfak Gör. | S54: =COUNTIF(D:D,103) -> 0 | T54: 0810: Kazı makinesi kazası - Shearer/RH | U54: Shearer, road header, continuous miner arızası/kazası | V54: =COUNTIF(F:F,"=810") -> 0
A55: 0 | B55: 0 | C55: 0 | D55: 0 | E55: 0 | F55: 0 | G55: 0 | H55: 0 | N55: 54: Karın/Böbrek | O55: =COUNTIF(G:G,54) -> 0 | R55: 104: ŞEF GARSON / Garson Başı | S55: =COUNTIF(D:D,104) -> 0 | T55: 0820: Matkap/delici kazası - Perforatör | U55: Delme makinesi, perforatör, kaya delici kazası | V55: =COUNTIF(F:F,"=820") -> 0
A56: 0 | B56: 0 | C56: 0 | D56: 0 | E56: 0 | F56: 0 | G56: 0 | H56: 0 | N56: 55: Pelvis/Leğen K. | O56: =COUNTIF(G:G,55) -> 0 | R56: 105: BAHÇIVAN / Bahçe İşçisi | S56: =COUNTIF(D:D,105) -> 0 | T56: 0830: Kompresör/pompa kazası | U56: Kompresör patlaması, pompa arızası, basınç kaybı | V56: =COUNTIF(F:F,"=830") -> 0
A57: 0 | B57: 0 | C57: 0 | D57: 0 | E57: 0 | F57: 0 | G57: 0 | H57: 0 | N57: 60: OMURGA/DİSK | O57: =COUNTIF(G:G,60) -> 0 | R57: YÜ TOPLAM | S57: =SUM(S2:S56) -> 9 | T57: 0840: Kırıcı/öğütücü kazası | U57: Kırıcı makine, eleme, öğütücü kazaları | V57: =COUNTIF(F:F,"=840") -> 0
A58: 0 | B58: 0 | C58: 0 | D58: 0 | E58: 0 | F58: 0 | G58: 0 | H58: 0 | N58: 70: İÇ ORGANLAR | O58: =COUNTIF(G:G,70) -> 0 | T58: 0850: Kaynak makinesi kazası | U58: Kaynak makinesinden kaynaklanan arıza/kaza | V58: =COUNTIF(F:F,"=850") -> 0
A59: 0 | B59: 0 | C59: 0 | D59: 0 | E59: 0 | F59: 0 | G59: 0 | H59: 0 | N59: 80: MUHTELİF | O59: =COUNTIF(G:G,80) -> 0 | T59: 0860: Hidrolik sistem arızası - Hat patl. | U59: Hidrolik hat patlaması, valf arızası, silindir çıkması | V59: =COUNTIF(F:F,"=860") -> 0
A60: 0 | B60: 0 | C60: 0 | D60: 0 | E60: 0 | F60: 0 | G60: 0 | H60: 0 | N60: 90: TÜM VÜCUT | O60: =COUNTIF(G:G,90) -> 0 | T60: 0870: Tahkimat ekipmanı arızası - Direk/Şilt | U60: Tahkimat basıncı, hidrolik direk patlaması, ayak kayması | V60: =COUNTIF(F:F,"=870") -> 0
A61: 0 | B61: 0 | C61: 0 | D61: 0 | E61: 0 | F61: 0 | G61: 0 | H61: 0 | N61: 99: DİĞER | O61: =COUNTIF(G:G,99) -> 2 | T61: 0880: Diğer makine kazaları | U61: Sınıflandırılamayan makine/ekipman kazaları | V61: =COUNTIF(F:F,"=880") -> 0
A62: 0 | B62: 0 | C62: 0 | D62: 0 | E62: 0 | F62: 0 | G62: 0 | H62: 0 | N62: TOPLAM | O62: =SUM(O29:O61) -> 9 | T62: 09 - ELEKTRİK KAZASI (Electrical)
A63: 0 | B63: 0 | C63: 0 | D63: 0 | E63: 0 | F63: 0 | G63: 0 | H63: 0 | T63: 0910: Elektrik çarpması - Kaçak akım | U63: Kablo voltajı, elektrik teması, kaçak akım | V63: =COUNTIF(F:F,"=910") -> 0
A64: 0 | B64: 0 | C64: 0 | D64: 0 | E64: 0 | F64: 0 | G64: 0 | H64: 0 | T64: 0920: Elektrik arkı/yanığı - Kısa devre | U64: Ark oluşumu, kısa devre yanığı, pano patlaması | V64: =COUNTIF(F:F,"=920") -> 0
A65: 0 | B65: 0 | C65: 0 | D65: 0 | E65: 0 | F65: 0 | G65: 0 | H65: 0 | T65: 0930: Statik elektrik kaynaklı kaza | U65: Statik boşalma sonucu tutuşma/çarpma | V65: =COUNTIF(F:F,"=930") -> 0
A66: 0 | B66: 0 | C66: 0 | D66: 0 | E66: 0 | F66: 0 | G66: 0 | H66: 0 | T66: 0940: Diğer elektrik kazaları | U66: Topraklama hatası, izolasyon bozukluğu | V66: =COUNTIF(F:F,"=940") -> 0
A67: 0 | B67: 0 | C67: 0 | D67: 0 | E67: 0 | F67: 0 | G67: 0 | H67: 0 | T67: 10 - GAZ/TOZ PATLAMASI (Ignition/Explosion)
A68: 0 | B68: 0 | C68: 0 | D68: 0 | E68: 0 | F68: 0 | G68: 0 | H68: 0 | T68: 1010: Grizu/metan patlaması | U68: Metan gazı tutuşması, grizu patlaması | V68: =COUNTIF(F:F,"=1010") -> 0
A69: 0 | B69: 0 | C69: 0 | D69: 0 | E69: 0 | F69: 0 | G69: 0 | H69: 0 | T69: 1020: Kömür tozu patlaması | U69: Kömür tozu tutuşması, toz bulutu patlaması | V69: =COUNTIF(F:F,"=1020") -> 0
A70: 0 | B70: 0 | C70: 0 | D70: 0 | E70: 0 | F70: 0 | G70: 0 | H70: 0 | T70: 1030: Gaz sızıntısı/zehirlenme - CO/H₂S | U70: CO, CO₂, H₂S, SO₂ gazına maruz kalma, oksijen yetersizliği | V70: =COUNTIF(F:F,"=1030") -> 0
A71: 0 | B71: 0 | C71: 0 | D71: 0 | E71: 0 | F71: 0 | G71: 0 | H71: 0 | T71: 1040: Ani gaz püskürmesi - Outburst | U71: Kömür ve gaz ani püskürmesi | V71: =COUNTIF(F:F,"=1040") -> 0
A72: 0 | B72: 0 | C72: 0 | D72: 0 | E72: 0 | F72: 0 | G72: 0 | H72: 0 | T72: 1050: Diğer gaz/toz olayları | U72: Diğer tutuşma, patlama veya gaz olayları | V72: =COUNTIF(F:F,"=1050") -> 0
A73: 0 | B73: 0 | C73: 0 | D73: 0 | E73: 0 | F73: 0 | G73: 0 | H73: 0 | T73: 11 - YANGIN (Fire)
A74: 0 | B74: 0 | C74: 0 | D74: 0 | E74: 0 | F74: 0 | G74: 0 | H74: 0 | T74: 1110: Yeraltı yangını - Kendiliğinden yanma | U74: Kömürün kendiliğinden yanması | V74: =COUNTIF(F:F,"=1110") -> 0
A75: 0 | B75: 0 | C75: 0 | D75: 0 | E75: 0 | F75: 0 | G75: 0 | H75: 0 | T75: 1120: Yerüstü yangını - Tesis/Atölye/Araç | U75: Tesis, atölye, bina, sosyal tesisler, kömür yangını | V75: =COUNTIF(F:F,"=1120") -> 0
A76: 0 | B76: 0 | C76: 0 | D76: 0 | E76: 0 | F76: 0 | G76: 0 | H76: 0 | T76: 1130: Araç/iş makinesi yangını | U76: Kamyon, iş makinesi, servis, araç yangını | V76: =COUNTIF(F:F,"=1130") -> 2
A77: 0 | B77: 0 | C77: 0 | D77: 0 | E77: 0 | F77: 0 | G77: 0 | H77: 0 | T77: 1140: Alet/makine yangını | U77: Alet/edevat/makine (iş makinesi dışındakiler) yangını | V77: =COUNTIF(F:F,"=1140") -> 0
A78: 0 | B78: 0 | C78: 0 | D78: 0 | E78: 0 | F78: 0 | G78: 0 | H78: 0 | T78: 1150: Elektrik yangını | U78: Elektrik yangınları | V78: =COUNTIF(F:F,"=1150") -> 0
A79: 0 | B79: 0 | C79: 0 | D79: 0 | E79: 0 | F79: 0 | G79: 0 | H79: 0 | T79: 1160: Diğer yangın olayları | U79: Sınıflandırılamayan yangın olayları | V79: =COUNTIF(F:F,"=1160") -> 0
A80: 0 | B80: 0 | C80: 0 | D80: 0 | E80: 0 | F80: 0 | G80: 0 | H80: 0 | T80: 12 - SU BASKINI / İNÜNDASYON (Inundation)
A81: 0 | B81: 0 | C81: 0 | D81: 0 | E81: 0 | F81: 0 | G81: 0 | H81: 0 | T81: 1210: Yeraltı su baskını - Fay/Eski galeri | U81: Fay hattından su gelişi, eski galeri su baskını, taban suyu | V81: =COUNTIF(F:F,"=1210") -> 0
A82: 0 | B82: 0 | C82: 0 | D82: 0 | E82: 0 | F82: 0 | G82: 0 | H82: 0 | T82: 1220: Çamur/kum akması - Sıvılaşma | U82: Sıvılaşmış malzeme akışı, çamur patlaması | V82: =COUNTIF(F:F,"=1220") -> 0
A83: 0 | B83: 0 | C83: 0 | D83: 0 | E83: 0 | F83: 0 | G83: 0 | H83: 0 | T83: 1230: Yüzey suyu taşkını - Sel | U83: Sel, yağmur suyu, baraj/gölet taşması | V83: =COUNTIF(F:F,"=1230") -> 0
A84: 0 | B84: 0 | C84: 0 | D84: 0 | E84: 0 | F84: 0 | G84: 0 | H84: 0 | T84: 1240: Diğer su/sıvı baskınları | U84: Boru patlaması, hidrolik hat sızıntısı kaynaklı su baskını | V84: =COUNTIF(F:F,"=1240") -> 0
A85: 0 | B85: 0 | C85: 0 | D85: 0 | E85: 0 | F85: 0 | G85: 0 | H85: 0 | T85: 13 - PATLAYICI MADDE KAZASI (Explosives)
A86: 0 | B86: 0 | C86: 0 | D86: 0 | E86: 0 | F86: 0 | G86: 0 | H86: 0 | T86: 1310: Dinamit atışı sırasında - Taş sekmesi | U86: Taş sekmesi, patlama etkisi, erken/geç ateşleme | V86: =COUNTIF(F:F,"=1310") -> 0
A87: 0 | B87: 0 | C87: 0 | D87: 0 | E87: 0 | F87: 0 | G87: 0 | H87: 0 | T87: 1320: Patlayıcı depolama/taşıma kazası | U87: Barutluk, patlayıcı nakli sırasında kaza | V87: =COUNTIF(F:F,"=1320") -> 0
A88: 0 | B88: 0 | C88: 0 | D88: 0 | E88: 0 | F88: 0 | G88: 0 | H88: 0 | T88: 1330: Ateşleme sistemi arızası - Kapsül/Fitil | U88: Kapsül, fitil, elektrikli ateşleme arızası | V88: =COUNTIF(F:F,"=1330") -> 0
A89: 0 | B89: 0 | C89: 0 | D89: 0 | E89: 0 | F89: 0 | G89: 0 | H89: 0 | T89: 1340: Sıkışmış patlayıcı - Misfire | U89: Patlamayan lağım, sıkışık patlayıcı temizleme | V89: =COUNTIF(F:F,"=1340") -> 0
A90: 0 | B90: 0 | C90: 0 | D90: 0 | E90: 0 | F90: 0 | G90: 0 | H90: 0 | T90: 1350: Diğer patlayıcı madde kazaları | U90: Sınıflandırılamayan patlayıcı olayları | V90: =COUNTIF(F:F,"=1350") -> 0
A91: 0 | B91: 0 | C91: 0 | D91: 0 | E91: 0 | F91: 0 | G91: 0 | H91: 0 | T91: 14 - ELLE TAŞIMA / ZORLANMA /BURKULMA (Overexertion)
A92: 0 | B92: 0 | C92: 0 | D92: 0 | E92: 0 | F92: 0 | G92: 0 | H92: 0 | T92: 1410: Bel incitmesi/sırt incinmesi/zorlanma - Disk | U92: Ağır yük kaldırma, bel ağrısı, disk kayması, çalışırken belini/sırtını incitme | V92: =COUNTIF(F:F,"=1410") -> 0
A93: 0 | B93: 0 | C93: 0 | D93: 0 | E93: 0 | F93: 0 | G93: 0 | H93: 0 | T93: 1420: Kas/eklem zorlanması - Burkulma | U93: Malzeme, itme/çekme, kaldırma/indirme sıasında kol, omuz, bilek, diz ağrısı, burkulma | V93: =COUNTIF(F:F,"=1420") -> 0
A94: 0 | B94: 0 | C94: 0 | D94: 0 | E94: 0 | F94: 0 | G94: 0 | H94: 0 | T94: 1430: Tekrarlayan hareket yaralanması | U94: Uzun süreli tekrarlayan hareketlerden kaynaklanan | V94: =COUNTIF(F:F,"=1430") -> 0
A95: 0 | B95: 0 | C95: 0 | D95: 0 | E95: 0 | F95: 0 | G95: 0 | H95: 0 | T95: 1440: Diğer zorlanma olayları | U95: Sınıflandırılamayan zorlanma/incinme | V95: =COUNTIF(F:F,"=1440") -> 0
A96: 0 | B96: 0 | C96: 0 | D96: 0 | E96: 0 | F96: 0 | G96: 0 | H96: 0 | T96: 15 - MAHSUR KALMA (Entrapment)
A97: 0 | B97: 0 | C97: 0 | D97: 0 | E97: 0 | F97: 0 | G97: 0 | H97: 0 | T97: 1510: Göçük sonrası mahsur kalma | U97: Tavan/yan duvar/galeri ağzı göçüğü nedeniyle mahsur kalma | V97: =COUNTIF(F:F,"=1510") -> 0
A98: 0 | B98: 0 | C98: 0 | D98: 0 | E98: 0 | F98: 0 | G98: 0 | H98: 0 | T98: 1520: Yangın/gaz nedeniyle mahsur kalma | U98: Yangın veya gaz nedeniyle çıkış yolunun kapanması | V98: =COUNTIF(F:F,"=1520") -> 0
A99: 0 | B99: 0 | C99: 0 | D99: 0 | E99: 0 | F99: 0 | G99: 0 | H99: 0 | T99: 1530: Su baskını nedeniyle mahsur kalma | U99: Su yükselmesi nedeniyle çıkamama | V99: =COUNTIF(F:F,"=1530") -> 0
A100: 0 | B100: 0 | C100: 0 | D100: 0 | E100: 0 | F100: 0 | G100: 0 | H100: 0 | T100: 1540: Diğer mahsur kalma olayları | U100: Ekipman arızası vb. nedenlerle mahsur kalma | V100: =COUNTIF(F:F,"=1540") -> 0
...

Sheet kontrol
A1: UZUV-GÜN | B1: KAZA-UZUV
A2: =uzuvgün!B37 -> 9 | B2: =kazatürüuzuv!AK24 -> 0 | D2: =IF(A2=B2,"uzuv-gün ve kazatürü-uzuv tabloları birbirini doğruluyor","HATA!") -> HATA!
A3: =uzuvgün!B4 -> 0 | B3: =kazatürüuzuv!B24 -> 0 | D3: =IF(A3=B3,"baş; tamam","baş; hata var") -> baş; tamam
A4: =uzuvgün!B10 -> 0 | B4: =kazatürüuzuv!H24 -> 0 | D4: =IF(A4=B4,"boyun; tamam","boyun; hata var") -> boyun; tamam
A5: =uzuvgün!B11 -> 2 | B5: =kazatürüuzuv!I24 -> 0 | D5: =IF(A5=B5,"kol; tamam","kol; hata var") -> kol; hata var
A6: =uzuvgün!B17 -> 0 | B6: =kazatürüuzuv!O24 -> 0 | D6: =IF(A6=B6,"el; tamam","el; hata var") -> el; tamam
A7: =uzuvgün!B19 -> 0 | B7: =kazatürüuzuv!Q24 -> 0 | D7: =IF(A7=B7,"bacak; tamam","bacak; hata var") -> bacak; tamam
A8: =uzuvgün!B21 -> 0 | B8: =kazatürüuzuv!S24 -> 0 | D8: =IF(A8=B8,"diz; tamam","diz; hata var") -> diz; tamam
A9: =uzuvgün!B26 -> 0 | B9: =kazatürüuzuv!X24 -> 0 | D9: =IF(A9=B9,"gövde; tamam","gövde; hata var") -> gövde; tamam
A11: TABLOLARDAKI "TOPLAM" RAKAMLARININ KARŞILAŞTIRMASI
A13: Kaza türü | C13: =kazatürü!C137 -> 0 | D13: =IF(AND(C13=C14,C14=C15,C15=C16,C16=C17,C17=C18,C18=C19,C19=C20,C20=C21,C21=C22,C22=C23),"TÜM TABLOLAR TUTARLI ✓","HATA VAR!") -> HATA VAR!
A14: Kaza türü-yeri | C14: =kazatürüyer!Z24 -> 0
A15: Kaza türü-sanat | C15: =sanatkazatürü!CG24 -> 0
A16: Kaza yeri-sanat | C16: =sanatyer!Z87 -> 9
A17: Kaza türü-uzuv | C17: =kazatürüuzuv!AK24 -> 0
A18: Aylar-kazalı | C18: =zaman!B16 -> 8
A19: Günler-kazalı | C19: =zaman!F11 -> 8
A20: Saat-kazalı | C20: =zaman!J16 -> 9
A21: Uzuv-kazalı | C21: =uzuvgün!B37 -> 9
A22: Gün kayıbı-kazalı | C22: =uzuvgün!F9 -> 4
A23: Yaş-kazalı | C23: =yas!B11 -> 8
A26: Göçük-sanat | C26: =göcük!CE13 -> 0
A27: Elle taşıma-sanat | C27: =elletasima!CE9 -> 0
A28: Düşme-sanat | C28: =düsme!CE12 -> 3

Sheet Genel
B3: ÇLİ - 2024
A6: ÖZET BİLGİLER
B11: Yeraltı | C11: Yerüstü | D11: Toplam
A13: Yaralı: | B13: =SUM(kazatürüyer!B24:M24)-B14 -> 0 | C13: =SUM(kazatürüyer!N24:Y24)-C14 -> 0 | D13: =B13+C13 -> 0
A14: Ölü: | B14: =program!AV2 -> 0 | C14: =program!AW2 -> 0 | D14: =B14+C14 -> 0
A15: Toplam kazalı: | B15: =B13+B14 -> 0 | C15: =C13+C14 -> 0 | D15: =B15+C15 -> 0
A17: İşçi Sayısı: | B17: =AVERAGE(veri!N2:N4,veri!N6:N8,veri!N10:N12,veri!N14:N16) -> #DIV/0! | C17: =AVERAGE(veri!O2:O4,veri!O6:O8,veri!O10:O12,veri!O14:O16) -> 230 | D17: =B17+C17 -> #DIV/0!
A18: Fiili yevmiye sayısı: | B18: =veri!Q17 -> 0 | C18: =veri!R17 -> 49652 | D18: =B18+C18 -> 49652
A19: Toplam çalışma saati: | B19: =B18*8 -> 0 | C19: =C18*8 -> 397216 | D19: =B19+C19 -> 397216
A20: Toplam iş günü kaybı: | B20: =program!AR10 -> 0 | C20: =program!AS10 -> 82 | D20: =B20+C20 -> 82
A22: İşçi sayısı / kazalı: | B22: =IFERROR(B17/B15,0) -> 0 | C22: =IFERROR(C17/C15,0) -> 0 | D22: =IFERROR(D17/D15,0) -> 0
A24: İş günü kaybı / kazalı: | B24: =IFERROR(B20/B15,0) -> 0 | C24: =IFERROR(C20/C15,0) -> 0 | D24: =IFERROR(D20/D15,0) -> 0
A26: Kaza ağırlık oranı: | B26: =IFERROR(B20*1000/B19,0) -> 0 | C26: =IFERROR(C20*1000/C19,0) -> 0.2064368 | D26: =IFERROR(D20*1000/D19,0) -> 0.2064368
A28: Kaza sıklık oranı: | B28: =IFERROR(B15*1000000/B19,0) -> 0 | C28: =IFERROR(C15*1000000/C19,0) -> 0 | D28: =IFERROR(D15*1000000/D19,0) -> 0
A30: Satılabilir üretim (ton):
A31: Üretim/kazalı (t./kaza.): | B31: =IFERROR(B30/B15,0) -> 0 | C31: =IFERROR(C30/C15,0) -> 0 | D31: =IFERROR(D30/D15,0) -> 0

Sheet kazatürü
B1: Ayrıntılı Neden | C1: Adet | D1: %
B2: 01 - GÖÇÜK / TAŞ-KÖMÜR DÜŞMESİ /KAYMA
B3: Tavandan taş/kömür düşmesi | C3: =program!V3 -> 0 | D3: =IFERROR(C3/C130*100,0) -> 0
B4: Yan duvar/kanat düşmesi | C4: =program!V4 -> 0 | D4: =IFERROR(C4/C130*100,0) -> 0
B5: Ayna göçüğü / Ayna düşmesi | C5: =program!V5 -> 0 | D5: =IFERROR(C5/C130*100,0) -> 0
B6: Topuk/Ayak göçüğü | C6: =program!V6 -> 0 | D6: =IFERROR(C6/C130*100,0) -> 0
B7: Açık ocak şev kayması/göçüğü | C7: =program!V7 -> 0 | D7: =IFERROR(C7/C130*100,0) -> 0
B8: Dolgu/Tavan arası çökmesi | C8: =program!V8 -> 0 | D8: =IFERROR(C8/C130*100,0) -> 0
B9: Diğer göçük/düşme olayları | C9: =program!V9 -> 0 | D9: =IFERROR(C9/C130*100,0) -> 0
B10: 02 - MALZEME DÜŞMESİ / SIKIŞMA / EZİLME
B11: Malzeme arası sıkışma (el/parmak) | C11: =program!V11 -> 0 | D11: =IFERROR(C11/C130*100,0) -> 0
B12: Makine/ekipman parçası düşmesi | C12: =program!V12 -> 1 | D12: =IFERROR(C12/C130*100,0) -> 11.111111
B13: Tahkimat malzemesi düşmesi | C13: =program!V13 -> 0 | D13: =IFERROR(C13/C130*100,0) -> 0
B14: Dönen/hareketli parçaya kapılma | C14: =program!V14 -> 0 | D14: =IFERROR(C14/C130*100,0) -> 0
B15: Konveyör/bant kazası - Kapılma | C15: =program!V15 -> 0 | D15: =IFERROR(C15/C130*100,0) -> 0
B16: Yükleme/boşaltma sırasında ezilme | C16: =program!V16 -> 0 | D16: =IFERROR(C16/C130*100,0) -> 0
B17: Diğer malzeme düşmesi/sıkışma | C17: =program!V17 -> 0 | D17: =IFERROR(C17/C130*100,0) -> 0
B18: 03 - DÜŞME KİŞİ
B19: Yürürken düşme / Aynı seviye | C19: =program!V19 -> 0 | D19: =IFERROR(C19/C130*100,0) -> 0
B20: Yüksekten düşme - Platform/Merdiven | C20: =program!V20 -> 0 | D20: =IFERROR(C20/C130*100,0) -> 0
B21: Boşluğa/kanala düşme - Hendek | C21: =program!V21 -> 0 | D21: =IFERROR(C21/C130*100,0) -> 0
B22: Araçtan/iş makinesinden düşme | C22: =program!V22 -> 2 | D22: =IFERROR(C22/C130*100,0) -> 22.222222
B23: Kuyu/eğimli kuyu içi düşme | C23: =program!V23 -> 0 | D23: =IFERROR(C23/C130*100,0) -> 0
B24: Duran nesneye çarpıp/takılıp düşme | C24: =program!V24 -> 0 | D24: =IFERROR(C24/C130*100,0) -> 0
B25: El aleti ile çalışırken düşme | C25: =program!V25 -> 0 | D25: =IFERROR(C25/C130*100,0) -> 0
B26: Diğer kişi düşme olayları | C26: =program!V26 -> 1 | D26: =IFERROR(C26/C130*100,0) -> 11.111111
B27: 04 - ÇARPMA / VURMA / BATMA
B28: Aletle çalışırken kendine vurma/çarpma/kesme | C28: =program!V28 -> 0 | D28: =IFERROR(C28/C130*100,0) -> 0
B29: Makine/iş makinesi çarpması | C29: =program!V29 -> 0 | D29: =IFERROR(C29/C130*100,0) -> 0
B30: Tel/çapak/kıymık batması - Sıçrama | C30: =program!V30 -> 0 | D30: =IFERROR(C30/C130*100,0) -> 0
B31: Sabit nesneye çarpma - Tavan/Dikme | C31: =program!V31 -> 1 | D31: =IFERROR(C31/C130*100,0) -> 11.111111
B32: Fırlayan/sıçrayan parça | C32: =program!V32 -> 0 | D32: =IFERROR(C32/C130*100,0) -> 0
B33: Basınçlı madde/su sıçraması | C33: =program!V33 -> 1 | D33: =IFERROR(C33/C130*100,0) -> 11.111111
B34: Diğer çarpma/vurma olayları | C34: =program!V34 -> 0 | D34: =IFERROR(C34/C130*100,0) -> 0
B35: 05 - MOTORLU NAKLİYE / ARAÇ
B36: Servis aracı kazası - Devrilme | C36: =program!V36 -> 0 | D36: =IFERROR(C36/C130*100,0) -> 0
B37: İş makinası kazası - Dozer/Ekskavatör | C37: =program!V37 -> 0 | D37: =IFERROR(C37/C130*100,0) -> 0
B38: Maden kamyonu kazası - Damperli | C38: =program!V38 -> 0 | D38: =IFERROR(C38/C130*100,0) -> 0
B39: Vagon/araba kayması - Fren | C39: =program!V39 -> 0 | D39: =IFERROR(C39/C130*100,0) -> 0
B40: Kulikar/monoray kazası | C40: =program!V40 -> 0 | D40: =IFERROR(C40/C130*100,0) -> 0
B41: Yaya-araç çarpışması - Manevra | C41: =program!V41 -> 0 | D41: =IFERROR(C41/C130*100,0) -> 0
B42: Diğer motorlu nakliye kazaları | C42: =program!V42 -> 0 | D42: =IFERROR(C42/C130*100,0) -> 0
B43: 06 - MOTORSUZ NAKLİYE
B44: El arabası/manuel vagon kazası | C44: =program!V44 -> 0 | D44: =IFERROR(C44/C130*100,0) -> 0
B45: Kızak/oluk kayması | C45: =program!V45 -> 0 | D45: =IFERROR(C45/C130*100,0) -> 0
B46: Diğer motorsuz nakliye | C46: =program!V46 -> 0 | D46: =IFERROR(C46/C130*100,0) -> 0
B47: 07 - VİNÇ / KALDIRMA
B48: Kafes/skip kazası | C48: =program!V48 -> 0 | D48: =IFERROR(C48/C130*100,0) -> 0
B49: Vinç halatı/zincir kopması | C49: =program!V49 -> 0 | D49: =IFERROR(C49/C130*100,0) -> 0
B50: Kaldırma sırasında yük düşmesi | C50: =program!V50 -> 0 | D50: =IFERROR(C50/C130*100,0) -> 0
B51: Kuyu dibi/başı kazası | C51: =program!V51 -> 0 | D51: =IFERROR(C51/C130*100,0) -> 0
B52: Diğer vinç/kaldırma kazaları | C52: =program!V52 -> 0 | D52: =IFERROR(C52/C130*100,0) -> 0
B53: 08 - MAKİNE KAZASI
B54: Kazı makinesi kazası - Shearer/RH | C54: =program!V54 -> 0 | D54: =IFERROR(C54/C130*100,0) -> 0
B55: Matkap/delici kazası - Perforatör | C55: =program!V55 -> 0 | D55: =IFERROR(C55/C130*100,0) -> 0
B56: Kompresör/pompa kazası | C56: =program!V56 -> 0 | D56: =IFERROR(C56/C130*100,0) -> 0
B57: Kırıcı/öğütücü kazası | C57: =program!V57 -> 0 | D57: =IFERROR(C57/C130*100,0) -> 0
B58: Kaynak makinesi kazası | C58: =program!V58 -> 0 | D58: =IFERROR(C58/C130*100,0) -> 0
B59: Hidrolik sistem arızası | C59: =program!V59 -> 0 | D59: =IFERROR(C59/C130*100,0) -> 0
B60: Tahkimat ekipmanı arızası | C60: =program!V60 -> 0 | D60: =IFERROR(C60/C130*100,0) -> 0
B61: Diğer makine kazaları | C61: =program!V61 -> 0 | D61: =IFERROR(C61/C130*100,0) -> 0
B62: 09 - ELEKTRİK KAZASI
B63: Elektrik çarpması | C63: =program!V63 -> 0 | D63: =IFERROR(C63/C130*100,0) -> 0
B64: Elektrik arkı/yanığı | C64: =program!V64 -> 0 | D64: =IFERROR(C64/C130*100,0) -> 0
B65: Statik elektrik kaynaklı kaza | C65: =program!V65 -> 0 | D65: =IFERROR(C65/C130*100,0) -> 0
B66: Diğer elektrik kazaları | C66: =program!V66 -> 0 | D66: =IFERROR(C66/C130*100,0) -> 0
B67: 10 - GAZ/TOZ PATLAMASI
B68: Grizu/metan patlaması | C68: =program!V68 -> 0 | D68: =IFERROR(C68/C130*100,0) -> 0
B69: Kömür tozu patlaması | C69: =program!V69 -> 0 | D69: =IFERROR(C69/C130*100,0) -> 0
B70: Gaz sızıntısı/zehirlenme | C70: =program!V70 -> 0 | D70: =IFERROR(C70/C130*100,0) -> 0
B71: Ani gaz püskürmesi (Outburst) | C71: =program!V71 -> 0 | D71: =IFERROR(C71/C130*100,0) -> 0
B72: Diğer gaz/toz olayları | C72: =program!V72 -> 0 | D72: =IFERROR(C72/C130*100,0) -> 0
B73: 11 - YANGIN
B74: Yeraltı yangını - Kendiliğinden yanma | C74: =program!V74 -> 0 | D74: =IFERROR(C74/C130*100,0) -> 0
B75: Yerüstü yangını - Tesis/Atölye | C75: =program!V75 -> 0 | D75: =IFERROR(C75/C130*100,0) -> 0
B76: Araç/iş makinesi yangını | C76: =program!V76 -> 2 | D76: =IFERROR(C76/C130*100,0) -> 22.222222
B77: Alet/makine yangını | C77: =program!V77 -> 0 | D77: =IFERROR(C77/C130*100,0) -> 0
B78: Elektrik yangını | C78: =program!V78 -> 0 | D78: =IFERROR(C78/C130*100,0) -> 0
B79: Diğer yangın olayları | C79: =program!V79 -> 0 | D79: =IFERROR(C79/C130*100,0) -> 0
B80: 12 - SU BASKINI / İNÜNDASYON
B81: Yeraltı su baskını | C81: =program!V81 -> 0 | D81: =IFERROR(C81/C130*100,0) -> 0
B82: Çamur/kum akması | C82: =program!V82 -> 0 | D82: =IFERROR(C82/C130*100,0) -> 0
B83: Yüzey suyu taşkını | C83: =program!V83 -> 0 | D83: =IFERROR(C83/C130*100,0) -> 0
B84: Diğer su/sıvı baskınları | C84: =program!V84 -> 0 | D84: =IFERROR(C84/C130*100,0) -> 0
B85: 13 - PATLAYICI MADDE KAZASI
B86: Dinamit atışı sırasında kaza | C86: =program!V86 -> 0 | D86: =IFERROR(C86/C130*100,0) -> 0
B87: Patlayıcı depolama/taşıma kazası | C87: =program!V87 -> 0 | D87: =IFERROR(C87/C130*100,0) -> 0
B88: Ateşleme sistemi arızası | C88: =program!V88 -> 0 | D88: =IFERROR(C88/C130*100,0) -> 0
B89: Sıkışmış patlayıcı (misfire) | C89: =program!V89 -> 0 | D89: =IFERROR(C89/C130*100,0) -> 0
B90: Diğer patlayıcı madde kazaları | C90: =program!V90 -> 0 | D90: =IFERROR(C90/C130*100,0) -> 0
B91: 14 - ELLE TAŞIMA / ZORLANMA / BURKULMA
B92: Bel incitmesi/zorlanma | C92: =program!V92 -> 0 | D92: =IFERROR(C92/C130*100,0) -> 0
B93: Kas/eklem zorlanması - Burkulma | C93: =program!V93 -> 0 | D93: =IFERROR(C93/C130*100,0) -> 0
B94: Tekrarlayan hareket yaralanması | C94: =program!V94 -> 0 | D94: =IFERROR(C94/C130*100,0) -> 0
B95: Diğer zorlanma olayları | C95: =program!V95 -> 0 | D95: =IFERROR(C95/C130*100,0) -> 0
B96: 15 - MAHSUR KALMA
B97: Göçük sonrası mahsur kalma | C97: =program!V97 -> 0 | D97: =IFERROR(C97/C130*100,0) -> 0
B98: Yangın/gaz nedeniyle mahsur kalma | C98: =program!V98 -> 0 | D98: =IFERROR(C98/C130*100,0) -> 0
B99: Su baskını nedeniyle mahsur kalma | C99: =program!V99 -> 0 | D99: =IFERROR(C99/C130*100,0) -> 0
B100: Diğer mahsur kalma olayları | C100: =program!V100 -> 0 | D100: =IFERROR(C100/C130*100,0) -> 0
...

Sheet kazatürüyer
A2: KAZA | B2: YERALTI | N2: YERÜSTÜ
A3: NEDENİ | B3: Ayak içi/Pano | C3: Hazırlık galerisi | D3: Kömür baca/yolu | E3: Ana ihraç yolu | F3: Bant boyu | G3: Kuyu | H3: Vinç altı | I3: Tertip odası | J3: Kavşak | K3: Havalandırma | L3: Dolgu | M3: YA Diğer | N3: Tesisler | O3: Açık ocak | P3: Atölyeler | Q3: Pazarlama/Kantar | R3: Sosyal tes. | S3: Servis yolu | T3: Laboratuvar | U3: Pasa döküm | V3: Malzeme deposu | W3: Bant hattı | X3: Park/Garaj | Y3: YÜ Diğer | Z3: TOPLAM | AA3: %
A4: GÖÇÜK, TAŞ VEYA KÖMÜR DÜŞ | B4: =COUNTIFS(veri!H:H,11,veri!I:I,">=100",veri!I:I,"<200") -> 0 | C4: =COUNTIFS(veri!H:H,12,veri!I:I,">=100",veri!I:I,"<200") -> 0 | D4: =COUNTIFS(veri!H:H,13,veri!I:I,">=100",veri!I:I,"<200") -> 0 | E4: =COUNTIFS(veri!H:H,14,veri!I:I,">=100",veri!I:I,"<200") -> 0 | F4: =COUNTIFS(veri!H:H,15,veri!I:I,">=100",veri!I:I,"<200") -> 0 | G4: =COUNTIFS(veri!H:H,16,veri!I:I,">=100",veri!I:I,"<200") -> 0 | H4: =COUNTIFS(veri!H:H,17,veri!I:I,">=100",veri!I:I,"<200") -> 0 | I4: =COUNTIFS(veri!H:H,18,veri!I:I,">=100",veri!I:I,"<200") -> 0 | J4: =COUNTIFS(veri!H:H,19,veri!I:I,">=100",veri!I:I,"<200") -> 0 | K4: =COUNTIFS(veri!H:H,20,veri!I:I,">=100",veri!I:I,"<200") -> 0 | L4: =COUNTIFS(veri!H:H,21,veri!I:I,">=100",veri!I:I,"<200") -> 0 | M4: =COUNTIFS(veri!H:H,22,veri!I:I,">=100",veri!I:I,"<200") -> 0 | N4: =COUNTIFS(veri!H:H,31,veri!I:I,">=100",veri!I:I,"<200") -> 0 | O4: =COUNTIFS(veri!H:H,32,veri!I:I,">=100",veri!I:I,"<200") -> 0 | P4: =COUNTIFS(veri!H:H,33,veri!I:I,">=100",veri!I:I,"<200") -> 0 | Q4: =COUNTIFS(veri!H:H,34,veri!I:I,">=100",veri!I:I,"<200") -> 0 | R4: =COUNTIFS(veri!H:H,35,veri!I:I,">=100",veri!I:I,"<200") -> 0 | S4: =COUNTIFS(veri!H:H,36,veri!I:I,">=100",veri!I:I,"<200") -> 0 | T4: =COUNTIFS(veri!H:H,37,veri!I:I,">=100",veri!I:I,"<200") -> 0 | U4: =COUNTIFS(veri!H:H,38,veri!I:I,">=100",veri!I:I,"<200") -> 0 | V4: =COUNTIFS(veri!H:H,39,veri!I:I,">=100",veri!I:I,"<200") -> 0 | W4: =COUNTIFS(veri!H:H,40,veri!I:I,">=100",veri!I:I,"<200") -> 0 | X4: =COUNTIFS(veri!H:H,41,veri!I:I,">=100",veri!I:I,"<200") -> 0 | Y4: =COUNTIFS(veri!H:H,42,veri!I:I,">=100",veri!I:I,"<200") -> 0 | Z4: =SUM(B4:Y4) -> 0
A5: MALZEME DÜŞMESİ / SIKIŞMA | B5: =COUNTIFS(veri!H:H,11,veri!I:I,">=200",veri!I:I,"<300") -> 0 | C5: =COUNTIFS(veri!H:H,12,veri!I:I,">=200",veri!I:I,"<300") -> 0 | D5: =COUNTIFS(veri!H:H,13,veri!I:I,">=200",veri!I:I,"<300") -> 0 | E5: =COUNTIFS(veri!H:H,14,veri!I:I,">=200",veri!I:I,"<300") -> 0 | F5: =COUNTIFS(veri!H:H,15,veri!I:I,">=200",veri!I:I,"<300") -> 0 | G5: =COUNTIFS(veri!H:H,16,veri!I:I,">=200",veri!I:I,"<300") -> 0 | H5: =COUNTIFS(veri!H:H,17,veri!I:I,">=200",veri!I:I,"<300") -> 0 | I5: =COUNTIFS(veri!H:H,18,veri!I:I,">=200",veri!I:I,"<300") -> 0 | J5: =COUNTIFS(veri!H:H,19,veri!I:I,">=200",veri!I:I,"<300") -> 0 | K5: =COUNTIFS(veri!H:H,20,veri!I:I,">=200",veri!I:I,"<300") -> 0 | L5: =COUNTIFS(veri!H:H,21,veri!I:I,">=200",veri!I:I,"<300") -> 0 | M5: =COUNTIFS(veri!H:H,22,veri!I:I,">=200",veri!I:I,"<300") -> 0 | N5: =COUNTIFS(veri!H:H,31,veri!I:I,">=200",veri!I:I,"<300") -> 0 | O5: =COUNTIFS(veri!H:H,32,veri!I:I,">=200",veri!I:I,"<300") -> 0 | P5: =COUNTIFS(veri!H:H,33,veri!I:I,">=200",veri!I:I,"<300") -> 1 | Q5: =COUNTIFS(veri!H:H,34,veri!I:I,">=200",veri!I:I,"<300") -> 0 | R5: =COUNTIFS(veri!H:H,35,veri!I:I,">=200",veri!I:I,"<300") -> 0 | S5: =COUNTIFS(veri!H:H,36,veri!I:I,">=200",veri!I:I,"<300") -> 0 | T5: =COUNTIFS(veri!H:H,37,veri!I:I,">=200",veri!I:I,"<300") -> 0 | U5: =COUNTIFS(veri!H:H,38,veri!I:I,">=200",veri!I:I,"<300") -> 0 | V5: =COUNTIFS(veri!H:H,39,veri!I:I,">=200",veri!I:I,"<300") -> 0 | W5: =COUNTIFS(veri!H:H,40,veri!I:I,">=200",veri!I:I,"<300") -> 0 | X5: =COUNTIFS(veri!H:H,41,veri!I:I,">=200",veri!I:I,"<300") -> 0 | Y5: =COUNTIFS(veri!H:H,42,veri!I:I,">=200",veri!I:I,"<300") -> 0 | Z5: =SUM(B5:Y5) -> 1
A6: DÜŞME (KİŞİ) | B6: =COUNTIFS(veri!H:H,11,veri!I:I,">=300",veri!I:I,"<400") -> 0 | C6: =COUNTIFS(veri!H:H,12,veri!I:I,">=300",veri!I:I,"<400") -> 0 | D6: =COUNTIFS(veri!H:H,13,veri!I:I,">=300",veri!I:I,"<400") -> 0 | E6: =COUNTIFS(veri!H:H,14,veri!I:I,">=300",veri!I:I,"<400") -> 0 | F6: =COUNTIFS(veri!H:H,15,veri!I:I,">=300",veri!I:I,"<400") -> 0 | G6: =COUNTIFS(veri!H:H,16,veri!I:I,">=300",veri!I:I,"<400") -> 0 | H6: =COUNTIFS(veri!H:H,17,veri!I:I,">=300",veri!I:I,"<400") -> 0 | I6: =COUNTIFS(veri!H:H,18,veri!I:I,">=300",veri!I:I,"<400") -> 0 | J6: =COUNTIFS(veri!H:H,19,veri!I:I,">=300",veri!I:I,"<400") -> 0 | K6: =COUNTIFS(veri!H:H,20,veri!I:I,">=300",veri!I:I,"<400") -> 0 | L6: =COUNTIFS(veri!H:H,21,veri!I:I,">=300",veri!I:I,"<400") -> 0 | M6: =COUNTIFS(veri!H:H,22,veri!I:I,">=300",veri!I:I,"<400") -> 0 | N6: =COUNTIFS(veri!H:H,31,veri!I:I,">=300",veri!I:I,"<400") -> 0 | O6: =COUNTIFS(veri!H:H,32,veri!I:I,">=300",veri!I:I,"<400") -> 1 | P6: =COUNTIFS(veri!H:H,33,veri!I:I,">=300",veri!I:I,"<400") -> 0 | Q6: =COUNTIFS(veri!H:H,34,veri!I:I,">=300",veri!I:I,"<400") -> 0 | R6: =COUNTIFS(veri!H:H,35,veri!I:I,">=300",veri!I:I,"<400") -> 1 | S6: =COUNTIFS(veri!H:H,36,veri!I:I,">=300",veri!I:I,"<400") -> 0 | T6: =COUNTIFS(veri!H:H,37,veri!I:I,">=300",veri!I:I,"<400") -> 0 | U6: =COUNTIFS(veri!H:H,38,veri!I:I,">=300",veri!I:I,"<400") -> 0 | V6: =COUNTIFS(veri!H:H,39,veri!I:I,">=300",veri!I:I,"<400") -> 0 | W6: =COUNTIFS(veri!H:H,40,veri!I:I,">=300",veri!I:I,"<400") -> 0 | X6: =COUNTIFS(veri!H:H,41,veri!I:I,">=300",veri!I:I,"<400") -> 1 | Y6: =COUNTIFS(veri!H:H,42,veri!I:I,">=300",veri!I:I,"<400") -> 0 | Z6: =SUM(B6:Y6) -> 3
A7: ÇARPMA / VURMA | B7: =COUNTIFS(veri!H:H,11,veri!I:I,">=400",veri!I:I,"<500") -> 0 | C7: =COUNTIFS(veri!H:H,12,veri!I:I,">=400",veri!I:I,"<500") -> 0 | D7: =COUNTIFS(veri!H:H,13,veri!I:I,">=400",veri!I:I,"<500") -> 0 | E7: =COUNTIFS(veri!H:H,14,veri!I:I,">=400",veri!I:I,"<500") -> 0 | F7: =COUNTIFS(veri!H:H,15,veri!I:I,">=400",veri!I:I,"<500") -> 0 | G7: =COUNTIFS(veri!H:H,16,veri!I:I,">=400",veri!I:I,"<500") -> 0 | H7: =COUNTIFS(veri!H:H,17,veri!I:I,">=400",veri!I:I,"<500") -> 0 | I7: =COUNTIFS(veri!H:H,18,veri!I:I,">=400",veri!I:I,"<500") -> 0 | J7: =COUNTIFS(veri!H:H,19,veri!I:I,">=400",veri!I:I,"<500") -> 0 | K7: =COUNTIFS(veri!H:H,20,veri!I:I,">=400",veri!I:I,"<500") -> 0 | L7: =COUNTIFS(veri!H:H,21,veri!I:I,">=400",veri!I:I,"<500") -> 0 | M7: =COUNTIFS(veri!H:H,22,veri!I:I,">=400",veri!I:I,"<500") -> 0 | N7: =COUNTIFS(veri!H:H,31,veri!I:I,">=400",veri!I:I,"<500") -> 0 | O7: =COUNTIFS(veri!H:H,32,veri!I:I,">=400",veri!I:I,"<500") -> 0 | P7: =COUNTIFS(veri!H:H,33,veri!I:I,">=400",veri!I:I,"<500") -> 2 | Q7: =COUNTIFS(veri!H:H,34,veri!I:I,">=400",veri!I:I,"<500") -> 0 | R7: =COUNTIFS(veri!H:H,35,veri!I:I,">=400",veri!I:I,"<500") -> 0 | S7: =COUNTIFS(veri!H:H,36,veri!I:I,">=400",veri!I:I,"<500") -> 0 | T7: =COUNTIFS(veri!H:H,37,veri!I:I,">=400",veri!I:I,"<500") -> 0 | U7: =COUNTIFS(veri!H:H,38,veri!I:I,">=400",veri!I:I,"<500") -> 0 | V7: =COUNTIFS(veri!H:H,39,veri!I:I,">=400",veri!I:I,"<500") -> 0 | W7: =COUNTIFS(veri!H:H,40,veri!I:I,">=400",veri!I:I,"<500") -> 0 | X7: =COUNTIFS(veri!H:H,41,veri!I:I,">=400",veri!I:I,"<500") -> 0 | Y7: =COUNTIFS(veri!H:H,42,veri!I:I,">=400",veri!I:I,"<500") -> 0 | Z7: =SUM(B7:Y7) -> 2
A8: MOTORLU NAKLİYE / ARAÇ KA | B8: =COUNTIFS(veri!H:H,11,veri!I:I,">=500",veri!I:I,"<600") -> 0 | C8: =COUNTIFS(veri!H:H,12,veri!I:I,">=500",veri!I:I,"<600") -> 0 | D8: =COUNTIFS(veri!H:H,13,veri!I:I,">=500",veri!I:I,"<600") -> 0 | E8: =COUNTIFS(veri!H:H,14,veri!I:I,">=500",veri!I:I,"<600") -> 0 | F8: =COUNTIFS(veri!H:H,15,veri!I:I,">=500",veri!I:I,"<600") -> 0 | G8: =COUNTIFS(veri!H:H,16,veri!I:I,">=500",veri!I:I,"<600") -> 0 | H8: =COUNTIFS(veri!H:H,17,veri!I:I,">=500",veri!I:I,"<600") -> 0 | I8: =COUNTIFS(veri!H:H,18,veri!I:I,">=500",veri!I:I,"<600") -> 0 | J8: =COUNTIFS(veri!H:H,19,veri!I:I,">=500",veri!I:I,"<600") -> 0 | K8: =COUNTIFS(veri!H:H,20,veri!I:I,">=500",veri!I:I,"<600") -> 0 | L8: =COUNTIFS(veri!H:H,21,veri!I:I,">=500",veri!I:I,"<600") -> 0 | M8: =COUNTIFS(veri!H:H,22,veri!I:I,">=500",veri!I:I,"<600") -> 0 | N8: =COUNTIFS(veri!H:H,31,veri!I:I,">=500",veri!I:I,"<600") -> 0 | O8: =COUNTIFS(veri!H:H,32,veri!I:I,">=500",veri!I:I,"<600") -> 0 | P8: =COUNTIFS(veri!H:H,33,veri!I:I,">=500",veri!I:I,"<600") -> 0 | Q8: =COUNTIFS(veri!H:H,34,veri!I:I,">=500",veri!I:I,"<600") -> 0 | R8: =COUNTIFS(veri!H:H,35,veri!I:I,">=500",veri!I:I,"<600") -> 0 | S8: =COUNTIFS(veri!H:H,36,veri!I:I,">=500",veri!I:I,"<600") -> 0 | T8: =COUNTIFS(veri!H:H,37,veri!I:I,">=500",veri!I:I,"<600") -> 0 | U8: =COUNTIFS(veri!H:H,38,veri!I:I,">=500",veri!I:I,"<600") -> 0 | V8: =COUNTIFS(veri!H:H,39,veri!I:I,">=500",veri!I:I,"<600") -> 0 | W8: =COUNTIFS(veri!H:H,40,veri!I:I,">=500",veri!I:I,"<600") -> 0 | X8: =COUNTIFS(veri!H:H,41,veri!I:I,">=500",veri!I:I,"<600") -> 0 | Y8: =COUNTIFS(veri!H:H,42,veri!I:I,">=500",veri!I:I,"<600") -> 0 | Z8: =SUM(B8:Y8) -> 0
A9: MOTORSUZ NAKLİYE | B9: =COUNTIFS(veri!H:H,11,veri!I:I,">=600",veri!I:I,"<700") -> 0 | C9: =COUNTIFS(veri!H:H,12,veri!I:I,">=600",veri!I:I,"<700") -> 0 | D9: =COUNTIFS(veri!H:H,13,veri!I:I,">=600",veri!I:I,"<700") -> 0 | E9: =COUNTIFS(veri!H:H,14,veri!I:I,">=600",veri!I:I,"<700") -> 0 | F9: =COUNTIFS(veri!H:H,15,veri!I:I,">=600",veri!I:I,"<700") -> 0 | G9: =COUNTIFS(veri!H:H,16,veri!I:I,">=600",veri!I:I,"<700") -> 0 | H9: =COUNTIFS(veri!H:H,17,veri!I:I,">=600",veri!I:I,"<700") -> 0 | I9: =COUNTIFS(veri!H:H,18,veri!I:I,">=600",veri!I:I,"<700") -> 0 | J9: =COUNTIFS(veri!H:H,19,veri!I:I,">=600",veri!I:I,"<700") -> 0 | K9: =COUNTIFS(veri!H:H,20,veri!I:I,">=600",veri!I:I,"<700") -> 0 | L9: =COUNTIFS(veri!H:H,21,veri!I:I,">=600",veri!I:I,"<700") -> 0 | M9: =COUNTIFS(veri!H:H,22,veri!I:I,">=600",veri!I:I,"<700") -> 0 | N9: =COUNTIFS(veri!H:H,31,veri!I:I,">=600",veri!I:I,"<700") -> 0 | O9: =COUNTIFS(veri!H:H,32,veri!I:I,">=600",veri!I:I,"<700") -> 0 | P9: =COUNTIFS(veri!H:H,33,veri!I:I,">=600",veri!I:I,"<700") -> 0 | Q9: =COUNTIFS(veri!H:H,34,veri!I:I,">=600",veri!I:I,"<700") -> 0 | R9: =COUNTIFS(veri!H:H,35,veri!I:I,">=600",veri!I:I,"<700") -> 0 | S9: =COUNTIFS(veri!H:H,36,veri!I:I,">=600",veri!I:I,"<700") -> 0 | T9: =COUNTIFS(veri!H:H,37,veri!I:I,">=600",veri!I:I,"<700") -> 0 | U9: =COUNTIFS(veri!H:H,38,veri!I:I,">=600",veri!I:I,"<700") -> 0 | V9: =COUNTIFS(veri!H:H,39,veri!I:I,">=600",veri!I:I,"<700") -> 0 | W9: =COUNTIFS(veri!H:H,40,veri!I:I,">=600",veri!I:I,"<700") -> 0 | X9: =COUNTIFS(veri!H:H,41,veri!I:I,">=600",veri!I:I,"<700") -> 0 | Y9: =COUNTIFS(veri!H:H,42,veri!I:I,">=600",veri!I:I,"<700") -> 0 | Z9: =SUM(B9:Y9) -> 0
A10: VİNÇ / KALDIRMA | B10: =COUNTIFS(veri!H:H,11,veri!I:I,">=700",veri!I:I,"<800") -> 0 | C10: =COUNTIFS(veri!H:H,12,veri!I:I,">=700",veri!I:I,"<800") -> 0 | D10: =COUNTIFS(veri!H:H,13,veri!I:I,">=700",veri!I:I,"<800") -> 0 | E10: =COUNTIFS(veri!H:H,14,veri!I:I,">=700",veri!I:I,"<800") -> 0 | F10: =COUNTIFS(veri!H:H,15,veri!I:I,">=700",veri!I:I,"<800") -> 0 | G10: =COUNTIFS(veri!H:H,16,veri!I:I,">=700",veri!I:I,"<800") -> 0 | H10: =COUNTIFS(veri!H:H,17,veri!I:I,">=700",veri!I:I,"<800") -> 0 | I10: =COUNTIFS(veri!H:H,18,veri!I:I,">=700",veri!I:I,"<800") -> 0 | J10: =COUNTIFS(veri!H:H,19,veri!I:I,">=700",veri!I:I,"<800") -> 0 | K10: =COUNTIFS(veri!H:H,20,veri!I:I,">=700",veri!I:I,"<800") -> 0 | L10: =COUNTIFS(veri!H:H,21,veri!I:I,">=700",veri!I:I,"<800") -> 0 | M10: =COUNTIFS(veri!H:H,22,veri!I:I,">=700",veri!I:I,"<800") -> 0 | N10: =COUNTIFS(veri!H:H,31,veri!I:I,">=700",veri!I:I,"<800") -> 0 | O10: =COUNTIFS(veri!H:H,32,veri!I:I,">=700",veri!I:I,"<800") -> 0 | P10: =COUNTIFS(veri!H:H,33,veri!I:I,">=700",veri!I:I,"<800") -> 0 | Q10: =COUNTIFS(veri!H:H,34,veri!I:I,">=700",veri!I:I,"<800") -> 0 | R10: =COUNTIFS(veri!H:H,35,veri!I:I,">=700",veri!I:I,"<800") -> 0 | S10: =COUNTIFS(veri!H:H,36,veri!I:I,">=700",veri!I:I,"<800") -> 0 | T10: =COUNTIFS(veri!H:H,37,veri!I:I,">=700",veri!I:I,"<800") -> 0 | U10: =COUNTIFS(veri!H:H,38,veri!I:I,">=700",veri!I:I,"<800") -> 0 | V10: =COUNTIFS(veri!H:H,39,veri!I:I,">=700",veri!I:I,"<800") -> 0 | W10: =COUNTIFS(veri!H:H,40,veri!I:I,">=700",veri!I:I,"<800") -> 0 | X10: =COUNTIFS(veri!H:H,41,veri!I:I,">=700",veri!I:I,"<800") -> 0 | Y10: =COUNTIFS(veri!H:H,42,veri!I:I,">=700",veri!I:I,"<800") -> 0 | Z10: =SUM(B10:Y10) -> 0
A11: MAKİNE KAZASI | B11: =COUNTIFS(veri!H:H,11,veri!I:I,">=800",veri!I:I,"<900") -> 0 | C11: =COUNTIFS(veri!H:H,12,veri!I:I,">=800",veri!I:I,"<900") -> 0 | D11: =COUNTIFS(veri!H:H,13,veri!I:I,">=800",veri!I:I,"<900") -> 0 | E11: =COUNTIFS(veri!H:H,14,veri!I:I,">=800",veri!I:I,"<900") -> 0 | F11: =COUNTIFS(veri!H:H,15,veri!I:I,">=800",veri!I:I,"<900") -> 0 | G11: =COUNTIFS(veri!H:H,16,veri!I:I,">=800",veri!I:I,"<900") -> 0 | H11: =COUNTIFS(veri!H:H,17,veri!I:I,">=800",veri!I:I,"<900") -> 0 | I11: =COUNTIFS(veri!H:H,18,veri!I:I,">=800",veri!I:I,"<900") -> 0 | J11: =COUNTIFS(veri!H:H,19,veri!I:I,">=800",veri!I:I,"<900") -> 0 | K11: =COUNTIFS(veri!H:H,20,veri!I:I,">=800",veri!I:I,"<900") -> 0 | L11: =COUNTIFS(veri!H:H,21,veri!I:I,">=800",veri!I:I,"<900") -> 0 | M11: =COUNTIFS(veri!H:H,22,veri!I:I,">=800",veri!I:I,"<900") -> 0 | N11: =COUNTIFS(veri!H:H,31,veri!I:I,">=800",veri!I:I,"<900") -> 0 | O11: =COUNTIFS(veri!H:H,32,veri!I:I,">=800",veri!I:I,"<900") -> 0 | P11: =COUNTIFS(veri!H:H,33,veri!I:I,">=800",veri!I:I,"<900") -> 0 | Q11: =COUNTIFS(veri!H:H,34,veri!I:I,">=800",veri!I:I,"<900") -> 0 | R11: =COUNTIFS(veri!H:H,35,veri!I:I,">=800",veri!I:I,"<900") -> 0 | S11: =COUNTIFS(veri!H:H,36,veri!I:I,">=800",veri!I:I,"<900") -> 0 | T11: =COUNTIFS(veri!H:H,37,veri!I:I,">=800",veri!I:I,"<900") -> 0 | U11: =COUNTIFS(veri!H:H,38,veri!I:I,">=800",veri!I:I,"<900") -> 0 | V11: =COUNTIFS(veri!H:H,39,veri!I:I,">=800",veri!I:I,"<900") -> 0 | W11: =COUNTIFS(veri!H:H,40,veri!I:I,">=800",veri!I:I,"<900") -> 0 | X11: =COUNTIFS(veri!H:H,41,veri!I:I,">=800",veri!I:I,"<900") -> 0 | Y11: =COUNTIFS(veri!H:H,42,veri!I:I,">=800",veri!I:I,"<900") -> 0 | Z11: =SUM(B11:Y11) -> 0
A12: ELEKTRİK KAZASI | B12: =COUNTIFS(veri!H:H,11,veri!I:I,">=900",veri!I:I,"<1000") -> 0 | C12: =COUNTIFS(veri!H:H,12,veri!I:I,">=900",veri!I:I,"<1000") -> 0 | D12: =COUNTIFS(veri!H:H,13,veri!I:I,">=900",veri!I:I,"<1000") -> 0 | E12: =COUNTIFS(veri!H:H,14,veri!I:I,">=900",veri!I:I,"<1000") -> 0 | F12: =COUNTIFS(veri!H:H,15,veri!I:I,">=900",veri!I:I,"<1000") -> 0 | G12: =COUNTIFS(veri!H:H,16,veri!I:I,">=900",veri!I:I,"<1000") -> 0 | H12: =COUNTIFS(veri!H:H,17,veri!I:I,">=900",veri!I:I,"<1000") -> 0 | I12: =COUNTIFS(veri!H:H,18,veri!I:I,">=900",veri!I:I,"<1000") -> 0 | J12: =COUNTIFS(veri!H:H,19,veri!I:I,">=900",veri!I:I,"<1000") -> 0 | K12: =COUNTIFS(veri!H:H,20,veri!I:I,">=900",veri!I:I,"<1000") -> 0 | L12: =COUNTIFS(veri!H:H,21,veri!I:I,">=900",veri!I:I,"<1000") -> 0 | M12: =COUNTIFS(veri!H:H,22,veri!I:I,">=900",veri!I:I,"<1000") -> 0 | N12: =COUNTIFS(veri!H:H,31,veri!I:I,">=900",veri!I:I,"<1000") -> 0 | O12: =COUNTIFS(veri!H:H,32,veri!I:I,">=900",veri!I:I,"<1000") -> 0 | P12: =COUNTIFS(veri!H:H,33,veri!I:I,">=900",veri!I:I,"<1000") -> 0 | Q12: =COUNTIFS(veri!H:H,34,veri!I:I,">=900",veri!I:I,"<1000") -> 0 | R12: =COUNTIFS(veri!H:H,35,veri!I:I,">=900",veri!I:I,"<1000") -> 0 | S12: =COUNTIFS(veri!H:H,36,veri!I:I,">=900",veri!I:I,"<1000") -> 0 | T12: =COUNTIFS(veri!H:H,37,veri!I:I,">=900",veri!I:I,"<1000") -> 0 | U12: =COUNTIFS(veri!H:H,38,veri!I:I,">=900",veri!I:I,"<1000") -> 0 | V12: =COUNTIFS(veri!H:H,39,veri!I:I,">=900",veri!I:I,"<1000") -> 0 | W12: =COUNTIFS(veri!H:H,40,veri!I:I,">=900",veri!I:I,"<1000") -> 0 | X12: =COUNTIFS(veri!H:H,41,veri!I:I,">=900",veri!I:I,"<1000") -> 0 | Y12: =COUNTIFS(veri!H:H,42,veri!I:I,">=900",veri!I:I,"<1000") -> 0 | Z12: =SUM(B12:Y12) -> 0
A13: GAZ VEYA TOZ PATLAMASI | B13: =COUNTIFS(veri!H:H,11,veri!I:I,">=1000",veri!I:I,"<1100") -> 0 | C13: =COUNTIFS(veri!H:H,12,veri!I:I,">=1000",veri!I:I,"<1100") -> 0 | D13: =COUNTIFS(veri!H:H,13,veri!I:I,">=1000",veri!I:I,"<1100") -> 0 | E13: =COUNTIFS(veri!H:H,14,veri!I:I,">=1000",veri!I:I,"<1100") -> 0 | F13: =COUNTIFS(veri!H:H,15,veri!I:I,">=1000",veri!I:I,"<1100") -> 0 | G13: =COUNTIFS(veri!H:H,16,veri!I:I,">=1000",veri!I:I,"<1100") -> 0 | H13: =COUNTIFS(veri!H:H,17,veri!I:I,">=1000",veri!I:I,"<1100") -> 0 | I13: =COUNTIFS(veri!H:H,18,veri!I:I,">=1000",veri!I:I,"<1100") -> 0 | J13: =COUNTIFS(veri!H:H,19,veri!I:I,">=1000",veri!I:I,"<1100") -> 0 | K13: =COUNTIFS(veri!H:H,20,veri!I:I,">=1000",veri!I:I,"<1100") -> 0 | L13: =COUNTIFS(veri!H:H,21,veri!I:I,">=1000",veri!I:I,"<1100") -> 0 | M13: =COUNTIFS(veri!H:H,22,veri!I:I,">=1000",veri!I:I,"<1100") -> 0 | N13: =COUNTIFS(veri!H:H,31,veri!I:I,">=1000",veri!I:I,"<1100") -> 0 | O13: =COUNTIFS(veri!H:H,32,veri!I:I,">=1000",veri!I:I,"<1100") -> 0 | P13: =COUNTIFS(veri!H:H,33,veri!I:I,">=1000",veri!I:I,"<1100") -> 0 | Q13: =COUNTIFS(veri!H:H,34,veri!I:I,">=1000",veri!I:I,"<1100") -> 0 | R13: =COUNTIFS(veri!H:H,35,veri!I:I,">=1000",veri!I:I,"<1100") -> 0 | S13: =COUNTIFS(veri!H:H,36,veri!I:I,">=1000",veri!I:I,"<1100") -> 0 | T13: =COUNTIFS(veri!H:H,37,veri!I:I,">=1000",veri!I:I,"<1100") -> 0 | U13: =COUNTIFS(veri!H:H,38,veri!I:I,">=1000",veri!I:I,"<1100") -> 0 | V13: =COUNTIFS(veri!H:H,39,veri!I:I,">=1000",veri!I:I,"<1100") -> 0 | W13: =COUNTIFS(veri!H:H,40,veri!I:I,">=1000",veri!I:I,"<1100") -> 0 | X13: =COUNTIFS(veri!H:H,41,veri!I:I,">=1000",veri!I:I,"<1100") -> 0 | Y13: =COUNTIFS(veri!H:H,42,veri!I:I,">=1000",veri!I:I,"<1100") -> 0 | Z13: =SUM(B13:Y13) -> 0
A14: YANGIN | B14: =COUNTIFS(veri!H:H,11,veri!I:I,">=1100",veri!I:I,"<1200") -> 0 | C14: =COUNTIFS(veri!H:H,12,veri!I:I,">=1100",veri!I:I,"<1200") -> 0 | D14: =COUNTIFS(veri!H:H,13,veri!I:I,">=1100",veri!I:I,"<1200") -> 0 | E14: =COUNTIFS(veri!H:H,14,veri!I:I,">=1100",veri!I:I,"<1200") -> 0 | F14: =COUNTIFS(veri!H:H,15,veri!I:I,">=1100",veri!I:I,"<1200") -> 0 | G14: =COUNTIFS(veri!H:H,16,veri!I:I,">=1100",veri!I:I,"<1200") -> 0 | H14: =COUNTIFS(veri!H:H,17,veri!I:I,">=1100",veri!I:I,"<1200") -> 0 | I14: =COUNTIFS(veri!H:H,18,veri!I:I,">=1100",veri!I:I,"<1200") -> 0 | J14: =COUNTIFS(veri!H:H,19,veri!I:I,">=1100",veri!I:I,"<1200") -> 0 | K14: =COUNTIFS(veri!H:H,20,veri!I:I,">=1100",veri!I:I,"<1200") -> 0 | L14: =COUNTIFS(veri!H:H,21,veri!I:I,">=1100",veri!I:I,"<1200") -> 0 | M14: =COUNTIFS(veri!H:H,22,veri!I:I,">=1100",veri!I:I,"<1200") -> 0 | N14: =COUNTIFS(veri!H:H,31,veri!I:I,">=1100",veri!I:I,"<1200") -> 0 | O14: =COUNTIFS(veri!H:H,32,veri!I:I,">=1100",veri!I:I,"<1200") -> 2 | P14: =COUNTIFS(veri!H:H,33,veri!I:I,">=1100",veri!I:I,"<1200") -> 0 | Q14: =COUNTIFS(veri!H:H,34,veri!I:I,">=1100",veri!I:I,"<1200") -> 0 | R14: =COUNTIFS(veri!H:H,35,veri!I:I,">=1100",veri!I:I,"<1200") -> 0 | S14: =COUNTIFS(veri!H:H,36,veri!I:I,">=1100",veri!I:I,"<1200") -> 0 | T14: =COUNTIFS(veri!H:H,37,veri!I:I,">=1100",veri!I:I,"<1200") -> 0 | U14: =COUNTIFS(veri!H:H,38,veri!I:I,">=1100",veri!I:I,"<1200") -> 0 | V14: =COUNTIFS(veri!H:H,39,veri!I:I,">=1100",veri!I:I,"<1200") -> 0 | W14: =COUNTIFS(veri!H:H,40,veri!I:I,">=1100",veri!I:I,"<1200") -> 0 | X14: =COUNTIFS(veri!H:H,41,veri!I:I,">=1100",veri!I:I,"<1200") -> 0 | Y14: =COUNTIFS(veri!H:H,42,veri!I:I,">=1100",veri!I:I,"<1200") -> 0 | Z14: =SUM(B14:Y14) -> 2
A15: SU BASKINI / İNÜNDASYON | B15: =COUNTIFS(veri!H:H,11,veri!I:I,">=1200",veri!I:I,"<1300") -> 0 | C15: =COUNTIFS(veri!H:H,12,veri!I:I,">=1200",veri!I:I,"<1300") -> 0 | D15: =COUNTIFS(veri!H:H,13,veri!I:I,">=1200",veri!I:I,"<1300") -> 0 | E15: =COUNTIFS(veri!H:H,14,veri!I:I,">=1200",veri!I:I,"<1300") -> 0 | F15: =COUNTIFS(veri!H:H,15,veri!I:I,">=1200",veri!I:I,"<1300") -> 0 | G15: =COUNTIFS(veri!H:H,16,veri!I:I,">=1200",veri!I:I,"<1300") -> 0 | H15: =COUNTIFS(veri!H:H,17,veri!I:I,">=1200",veri!I:I,"<1300") -> 0 | I15: =COUNTIFS(veri!H:H,18,veri!I:I,">=1200",veri!I:I,"<1300") -> 0 | J15: =COUNTIFS(veri!H:H,19,veri!I:I,">=1200",veri!I:I,"<1300") -> 0 | K15: =COUNTIFS(veri!H:H,20,veri!I:I,">=1200",veri!I:I,"<1300") -> 0 | L15: =COUNTIFS(veri!H:H,21,veri!I:I,">=1200",veri!I:I,"<1300") -> 0 | M15: =COUNTIFS(veri!H:H,22,veri!I:I,">=1200",veri!I:I,"<1300") -> 0 | N15: =COUNTIFS(veri!H:H,31,veri!I:I,">=1200",veri!I:I,"<1300") -> 0 | O15: =COUNTIFS(veri!H:H,32,veri!I:I,">=1200",veri!I:I,"<1300") -> 0 | P15: =COUNTIFS(veri!H:H,33,veri!I:I,">=1200",veri!I:I,"<1300") -> 0 | Q15: =COUNTIFS(veri!H:H,34,veri!I:I,">=1200",veri!I:I,"<1300") -> 0 | R15: =COUNTIFS(veri!H:H,35,veri!I:I,">=1200",veri!I:I,"<1300") -> 0 | S15: =COUNTIFS(veri!H:H,36,veri!I:I,">=1200",veri!I:I,"<1300") -> 0 | T15: =COUNTIFS(veri!H:H,37,veri!I:I,">=1200",veri!I:I,"<1300") -> 0 | U15: =COUNTIFS(veri!H:H,38,veri!I:I,">=1200",veri!I:I,"<1300") -> 0 | V15: =COUNTIFS(veri!H:H,39,veri!I:I,">=1200",veri!I:I,"<1300") -> 0 | W15: =COUNTIFS(veri!H:H,40,veri!I:I,">=1200",veri!I:I,"<1300") -> 0 | X15: =COUNTIFS(veri!H:H,41,veri!I:I,">=1200",veri!I:I,"<1300") -> 0 | Y15: =COUNTIFS(veri!H:H,42,veri!I:I,">=1200",veri!I:I,"<1300") -> 0 | Z15: =SUM(B15:Y15) -> 0
A16: PATLAYICI MADDE KAZASI | B16: =COUNTIFS(veri!H:H,11,veri!I:I,">=1300",veri!I:I,"<1400") -> 0 | C16: =COUNTIFS(veri!H:H,12,veri!I:I,">=1300",veri!I:I,"<1400") -> 0 | D16: =COUNTIFS(veri!H:H,13,veri!I:I,">=1300",veri!I:I,"<1400") -> 0 | E16: =COUNTIFS(veri!H:H,14,veri!I:I,">=1300",veri!I:I,"<1400") -> 0 | F16: =COUNTIFS(veri!H:H,15,veri!I:I,">=1300",veri!I:I,"<1400") -> 0 | G16: =COUNTIFS(veri!H:H,16,veri!I:I,">=1300",veri!I:I,"<1400") -> 0 | H16: =COUNTIFS(veri!H:H,17,veri!I:I,">=1300",veri!I:I,"<1400") -> 0 | I16: =COUNTIFS(veri!H:H,18,veri!I:I,">=1300",veri!I:I,"<1400") -> 0 | J16: =COUNTIFS(veri!H:H,19,veri!I:I,">=1300",veri!I:I,"<1400") -> 0 | K16: =COUNTIFS(veri!H:H,20,veri!I:I,">=1300",veri!I:I,"<1400") -> 0 | L16: =COUNTIFS(veri!H:H,21,veri!I:I,">=1300",veri!I:I,"<1400") -> 0 | M16: =COUNTIFS(veri!H:H,22,veri!I:I,">=1300",veri!I:I,"<1400") -> 0 | N16: =COUNTIFS(veri!H:H,31,veri!I:I,">=1300",veri!I:I,"<1400") -> 0 | O16: =COUNTIFS(veri!H:H,32,veri!I:I,">=1300",veri!I:I,"<1400") -> 0 | P16: =COUNTIFS(veri!H:H,33,veri!I:I,">=1300",veri!I:I,"<1400") -> 0 | Q16: =COUNTIFS(veri!H:H,34,veri!I:I,">=1300",veri!I:I,"<1400") -> 0 | R16: =COUNTIFS(veri!H:H,35,veri!I:I,">=1300",veri!I:I,"<1400") -> 0 | S16: =COUNTIFS(veri!H:H,36,veri!I:I,">=1300",veri!I:I,"<1400") -> 0 | T16: =COUNTIFS(veri!H:H,37,veri!I:I,">=1300",veri!I:I,"<1400") -> 0 | U16: =COUNTIFS(veri!H:H,38,veri!I:I,">=1300",veri!I:I,"<1400") -> 0 | V16: =COUNTIFS(veri!H:H,39,veri!I:I,">=1300",veri!I:I,"<1400") -> 0 | W16: =COUNTIFS(veri!H:H,40,veri!I:I,">=1300",veri!I:I,"<1400") -> 0 | X16: =COUNTIFS(veri!H:H,41,veri!I:I,">=1300",veri!I:I,"<1400") -> 0 | Y16: =COUNTIFS(veri!H:H,42,veri!I:I,">=1300",veri!I:I,"<1400") -> 0 | Z16: =SUM(B16:Y16) -> 0
A17: ELLE TAŞIMA / ZORLANMA | B17: =COUNTIFS(veri!H:H,11,veri!I:I,">=1400",veri!I:I,"<1500") -> 0 | C17: =COUNTIFS(veri!H:H,12,veri!I:I,">=1400",veri!I:I,"<1500") -> 0 | D17: =COUNTIFS(veri!H:H,13,veri!I:I,">=1400",veri!I:I,"<1500") -> 0 | E17: =COUNTIFS(veri!H:H,14,veri!I:I,">=1400",veri!I:I,"<1500") -> 0 | F17: =COUNTIFS(veri!H:H,15,veri!I:I,">=1400",veri!I:I,"<1500") -> 0 | G17: =COUNTIFS(veri!H:H,16,veri!I:I,">=1400",veri!I:I,"<1500") -> 0 | H17: =COUNTIFS(veri!H:H,17,veri!I:I,">=1400",veri!I:I,"<1500") -> 0 | I17: =COUNTIFS(veri!H:H,18,veri!I:I,">=1400",veri!I:I,"<1500") -> 0 | J17: =COUNTIFS(veri!H:H,19,veri!I:I,">=1400",veri!I:I,"<1500") -> 0 | K17: =COUNTIFS(veri!H:H,20,veri!I:I,">=1400",veri!I:I,"<1500") -> 0 | L17: =COUNTIFS(veri!H:H,21,veri!I:I,">=1400",veri!I:I,"<1500") -> 0 | M17: =COUNTIFS(veri!H:H,22,veri!I:I,">=1400",veri!I:I,"<1500") -> 0 | N17: =COUNTIFS(veri!H:H,31,veri!I:I,">=1400",veri!I:I,"<1500") -> 0 | O17: =COUNTIFS(veri!H:H,32,veri!I:I,">=1400",veri!I:I,"<1500") -> 0 | P17: =COUNTIFS(veri!H:H,33,veri!I:I,">=1400",veri!I:I,"<1500") -> 0 | Q17: =COUNTIFS(veri!H:H,34,veri!I:I,">=1400",veri!I:I,"<1500") -> 0 | R17: =COUNTIFS(veri!H:H,35,veri!I:I,">=1400",veri!I:I,"<1500") -> 0 | S17: =COUNTIFS(veri!H:H,36,veri!I:I,">=1400",veri!I:I,"<1500") -> 0 | T17: =COUNTIFS(veri!H:H,37,veri!I:I,">=1400",veri!I:I,"<1500") -> 0 | U17: =COUNTIFS(veri!H:H,38,veri!I:I,">=1400",veri!I:I,"<1500") -> 0 | V17: =COUNTIFS(veri!H:H,39,veri!I:I,">=1400",veri!I:I,"<1500") -> 0 | W17: =COUNTIFS(veri!H:H,40,veri!I:I,">=1400",veri!I:I,"<1500") -> 0 | X17: =COUNTIFS(veri!H:H,41,veri!I:I,">=1400",veri!I:I,"<1500") -> 0 | Y17: =COUNTIFS(veri!H:H,42,veri!I:I,">=1400",veri!I:I,"<1500") -> 0 | Z17: =SUM(B17:Y17) -> 0
A18: MAHSUR KALMA | B18: =COUNTIFS(veri!H:H,11,veri!I:I,">=1500",veri!I:I,"<1600") -> 0 | C18: =COUNTIFS(veri!H:H,12,veri!I:I,">=1500",veri!I:I,"<1600") -> 0 | D18: =COUNTIFS(veri!H:H,13,veri!I:I,">=1500",veri!I:I,"<1600") -> 0 | E18: =COUNTIFS(veri!H:H,14,veri!I:I,">=1500",veri!I:I,"<1600") -> 0 | F18: =COUNTIFS(veri!H:H,15,veri!I:I,">=1500",veri!I:I,"<1600") -> 0 | G18: =COUNTIFS(veri!H:H,16,veri!I:I,">=1500",veri!I:I,"<1600") -> 0 | H18: =COUNTIFS(veri!H:H,17,veri!I:I,">=1500",veri!I:I,"<1600") -> 0 | I18: =COUNTIFS(veri!H:H,18,veri!I:I,">=1500",veri!I:I,"<1600") -> 0 | J18: =COUNTIFS(veri!H:H,19,veri!I:I,">=1500",veri!I:I,"<1600") -> 0 | K18: =COUNTIFS(veri!H:H,20,veri!I:I,">=1500",veri!I:I,"<1600") -> 0 | L18: =COUNTIFS(veri!H:H,21,veri!I:I,">=1500",veri!I:I,"<1600") -> 0 | M18: =COUNTIFS(veri!H:H,22,veri!I:I,">=1500",veri!I:I,"<1600") -> 0 | N18: =COUNTIFS(veri!H:H,31,veri!I:I,">=1500",veri!I:I,"<1600") -> 0 | O18: =COUNTIFS(veri!H:H,32,veri!I:I,">=1500",veri!I:I,"<1600") -> 0 | P18: =COUNTIFS(veri!H:H,33,veri!I:I,">=1500",veri!I:I,"<1600") -> 0 | Q18: =COUNTIFS(veri!H:H,34,veri!I:I,">=1500",veri!I:I,"<1600") -> 0 | R18: =COUNTIFS(veri!H:H,35,veri!I:I,">=1500",veri!I:I,"<1600") -> 0 | S18: =COUNTIFS(veri!H:H,36,veri!I:I,">=1500",veri!I:I,"<1600") -> 0 | T18: =COUNTIFS(veri!H:H,37,veri!I:I,">=1500",veri!I:I,"<1600") -> 0 | U18: =COUNTIFS(veri!H:H,38,veri!I:I,">=1500",veri!I:I,"<1600") -> 0 | V18: =COUNTIFS(veri!H:H,39,veri!I:I,">=1500",veri!I:I,"<1600") -> 0 | W18: =COUNTIFS(veri!H:H,40,veri!I:I,">=1500",veri!I:I,"<1600") -> 0 | X18: =COUNTIFS(veri!H:H,41,veri!I:I,">=1500",veri!I:I,"<1600") -> 0 | Y18: =COUNTIFS(veri!H:H,42,veri!I:I,">=1500",veri!I:I,"<1600") -> 0 | Z18: =SUM(B18:Y18) -> 0
A19: SICAK ÇALIŞMA / KAYNAK | B19: =COUNTIFS(veri!H:H,11,veri!I:I,">=1600",veri!I:I,"<1700") -> 0 | C19: =COUNTIFS(veri!H:H,12,veri!I:I,">=1600",veri!I:I,"<1700") -> 0 | D19: =COUNTIFS(veri!H:H,13,veri!I:I,">=1600",veri!I:I,"<1700") -> 0 | E19: =COUNTIFS(veri!H:H,14,veri!I:I,">=1600",veri!I:I,"<1700") -> 0 | F19: =COUNTIFS(veri!H:H,15,veri!I:I,">=1600",veri!I:I,"<1700") -> 0 | G19: =COUNTIFS(veri!H:H,16,veri!I:I,">=1600",veri!I:I,"<1700") -> 0 | H19: =COUNTIFS(veri!H:H,17,veri!I:I,">=1600",veri!I:I,"<1700") -> 0 | I19: =COUNTIFS(veri!H:H,18,veri!I:I,">=1600",veri!I:I,"<1700") -> 0 | J19: =COUNTIFS(veri!H:H,19,veri!I:I,">=1600",veri!I:I,"<1700") -> 0 | K19: =COUNTIFS(veri!H:H,20,veri!I:I,">=1600",veri!I:I,"<1700") -> 0 | L19: =COUNTIFS(veri!H:H,21,veri!I:I,">=1600",veri!I:I,"<1700") -> 0 | M19: =COUNTIFS(veri!H:H,22,veri!I:I,">=1600",veri!I:I,"<1700") -> 0 | N19: =COUNTIFS(veri!H:H,31,veri!I:I,">=1600",veri!I:I,"<1700") -> 0 | O19: =COUNTIFS(veri!H:H,32,veri!I:I,">=1600",veri!I:I,"<1700") -> 0 | P19: =COUNTIFS(veri!H:H,33,veri!I:I,">=1600",veri!I:I,"<1700") -> 0 | Q19: =COUNTIFS(veri!H:H,34,veri!I:I,">=1600",veri!I:I,"<1700") -> 0 | R19: =COUNTIFS(veri!H:H,35,veri!I:I,">=1600",veri!I:I,"<1700") -> 0 | S19: =COUNTIFS(veri!H:H,36,veri!I:I,">=1600",veri!I:I,"<1700") -> 0 | T19: =COUNTIFS(veri!H:H,37,veri!I:I,">=1600",veri!I:I,"<1700") -> 0 | U19: =COUNTIFS(veri!H:H,38,veri!I:I,">=1600",veri!I:I,"<1700") -> 0 | V19: =COUNTIFS(veri!H:H,39,veri!I:I,">=1600",veri!I:I,"<1700") -> 0 | W19: =COUNTIFS(veri!H:H,40,veri!I:I,">=1600",veri!I:I,"<1700") -> 0 | X19: =COUNTIFS(veri!H:H,41,veri!I:I,">=1600",veri!I:I,"<1700") -> 0 | Y19: =COUNTIFS(veri!H:H,42,veri!I:I,">=1600",veri!I:I,"<1700") -> 0 | Z19: =SUM(B19:Y19) -> 0
A20: SAĞLIK SORUNU (İŞYERİNDE) | B20: =COUNTIFS(veri!H:H,11,veri!I:I,">=1700",veri!I:I,"<1800") -> 0 | C20: =COUNTIFS(veri!H:H,12,veri!I:I,">=1700",veri!I:I,"<1800") -> 0 | D20: =COUNTIFS(veri!H:H,13,veri!I:I,">=1700",veri!I:I,"<1800") -> 0 | E20: =COUNTIFS(veri!H:H,14,veri!I:I,">=1700",veri!I:I,"<1800") -> 0 | F20: =COUNTIFS(veri!H:H,15,veri!I:I,">=1700",veri!I:I,"<1800") -> 0 | G20: =COUNTIFS(veri!H:H,16,veri!I:I,">=1700",veri!I:I,"<1800") -> 0 | H20: =COUNTIFS(veri!H:H,17,veri!I:I,">=1700",veri!I:I,"<1800") -> 0 | I20: =COUNTIFS(veri!H:H,18,veri!I:I,">=1700",veri!I:I,"<1800") -> 0 | J20: =COUNTIFS(veri!H:H,19,veri!I:I,">=1700",veri!I:I,"<1800") -> 0 | K20: =COUNTIFS(veri!H:H,20,veri!I:I,">=1700",veri!I:I,"<1800") -> 0 | L20: =COUNTIFS(veri!H:H,21,veri!I:I,">=1700",veri!I:I,"<1800") -> 0 | M20: =COUNTIFS(veri!H:H,22,veri!I:I,">=1700",veri!I:I,"<1800") -> 0 | N20: =COUNTIFS(veri!H:H,31,veri!I:I,">=1700",veri!I:I,"<1800") -> 0 | O20: =COUNTIFS(veri!H:H,32,veri!I:I,">=1700",veri!I:I,"<1800") -> 0 | P20: =COUNTIFS(veri!H:H,33,veri!I:I,">=1700",veri!I:I,"<1800") -> 0 | Q20: =COUNTIFS(veri!H:H,34,veri!I:I,">=1700",veri!I:I,"<1800") -> 0 | R20: =COUNTIFS(veri!H:H,35,veri!I:I,">=1700",veri!I:I,"<1800") -> 0 | S20: =COUNTIFS(veri!H:H,36,veri!I:I,">=1700",veri!I:I,"<1800") -> 0 | T20: =COUNTIFS(veri!H:H,37,veri!I:I,">=1700",veri!I:I,"<1800") -> 0 | U20: =COUNTIFS(veri!H:H,38,veri!I:I,">=1700",veri!I:I,"<1800") -> 0 | V20: =COUNTIFS(veri!H:H,39,veri!I:I,">=1700",veri!I:I,"<1800") -> 0 | W20: =COUNTIFS(veri!H:H,40,veri!I:I,">=1700",veri!I:I,"<1800") -> 0 | X20: =COUNTIFS(veri!H:H,41,veri!I:I,">=1700",veri!I:I,"<1800") -> 0 | Y20: =COUNTIFS(veri!H:H,42,veri!I:I,">=1700",veri!I:I,"<1800") -> 0 | Z20: =SUM(B20:Y20) -> 0
A21: BASINÇLI KAP PATLAMASI | B21: =COUNTIFS(veri!H:H,11,veri!I:I,">=1800",veri!I:I,"<1900") -> 0 | C21: =COUNTIFS(veri!H:H,12,veri!I:I,">=1800",veri!I:I,"<1900") -> 0 | D21: =COUNTIFS(veri!H:H,13,veri!I:I,">=1800",veri!I:I,"<1900") -> 0 | E21: =COUNTIFS(veri!H:H,14,veri!I:I,">=1800",veri!I:I,"<1900") -> 0 | F21: =COUNTIFS(veri!H:H,15,veri!I:I,">=1800",veri!I:I,"<1900") -> 0 | G21: =COUNTIFS(veri!H:H,16,veri!I:I,">=1800",veri!I:I,"<1900") -> 0 | H21: =COUNTIFS(veri!H:H,17,veri!I:I,">=1800",veri!I:I,"<1900") -> 0 | I21: =COUNTIFS(veri!H:H,18,veri!I:I,">=1800",veri!I:I,"<1900") -> 0 | J21: =COUNTIFS(veri!H:H,19,veri!I:I,">=1800",veri!I:I,"<1900") -> 0 | K21: =COUNTIFS(veri!H:H,20,veri!I:I,">=1800",veri!I:I,"<1900") -> 0 | L21: =COUNTIFS(veri!H:H,21,veri!I:I,">=1800",veri!I:I,"<1900") -> 0 | M21: =COUNTIFS(veri!H:H,22,veri!I:I,">=1800",veri!I:I,"<1900") -> 0 | N21: =COUNTIFS(veri!H:H,31,veri!I:I,">=1800",veri!I:I,"<1900") -> 0 | O21: =COUNTIFS(veri!H:H,32,veri!I:I,">=1800",veri!I:I,"<1900") -> 0 | P21: =COUNTIFS(veri!H:H,33,veri!I:I,">=1800",veri!I:I,"<1900") -> 0 | Q21: =COUNTIFS(veri!H:H,34,veri!I:I,">=1800",veri!I:I,"<1900") -> 0 | R21: =COUNTIFS(veri!H:H,35,veri!I:I,">=1800",veri!I:I,"<1900") -> 0 | S21: =COUNTIFS(veri!H:H,36,veri!I:I,">=1800",veri!I:I,"<1900") -> 0 | T21: =COUNTIFS(veri!H:H,37,veri!I:I,">=1800",veri!I:I,"<1900") -> 0 | U21: =COUNTIFS(veri!H:H,38,veri!I:I,">=1800",veri!I:I,"<1900") -> 0 | V21: =COUNTIFS(veri!H:H,39,veri!I:I,">=1800",veri!I:I,"<1900") -> 0 | W21: =COUNTIFS(veri!H:H,40,veri!I:I,">=1800",veri!I:I,"<1900") -> 0 | X21: =COUNTIFS(veri!H:H,41,veri!I:I,">=1800",veri!I:I,"<1900") -> 0 | Y21: =COUNTIFS(veri!H:H,42,veri!I:I,">=1800",veri!I:I,"<1900") -> 0 | Z21: =SUM(B21:Y21) -> 0
A22: DİĞER NEDENLER | B22: =COUNTIFS(veri!H:H,11,veri!I:I,">=1900",veri!I:I,"<2100") -> 0 | C22: =COUNTIFS(veri!H:H,12,veri!I:I,">=1900",veri!I:I,"<2100") -> 0 | D22: =COUNTIFS(veri!H:H,13,veri!I:I,">=1900",veri!I:I,"<2100") -> 0 | E22: =COUNTIFS(veri!H:H,14,veri!I:I,">=1900",veri!I:I,"<2100") -> 0 | F22: =COUNTIFS(veri!H:H,15,veri!I:I,">=1900",veri!I:I,"<2100") -> 0 | G22: =COUNTIFS(veri!H:H,16,veri!I:I,">=1900",veri!I:I,"<2100") -> 0 | H22: =COUNTIFS(veri!H:H,17,veri!I:I,">=1900",veri!I:I,"<2100") -> 0 | I22: =COUNTIFS(veri!H:H,18,veri!I:I,">=1900",veri!I:I,"<2100") -> 0 | J22: =COUNTIFS(veri!H:H,19,veri!I:I,">=1900",veri!I:I,"<2100") -> 0 | K22: =COUNTIFS(veri!H:H,20,veri!I:I,">=1900",veri!I:I,"<2100") -> 0 | L22: =COUNTIFS(veri!H:H,21,veri!I:I,">=1900",veri!I:I,"<2100") -> 0 | M22: =COUNTIFS(veri!H:H,22,veri!I:I,">=1900",veri!I:I,"<2100") -> 0 | N22: =COUNTIFS(veri!H:H,31,veri!I:I,">=1900",veri!I:I,"<2100") -> 0 | O22: =COUNTIFS(veri!H:H,32,veri!I:I,">=1900",veri!I:I,"<2100") -> 0 | P22: =COUNTIFS(veri!H:H,33,veri!I:I,">=1900",veri!I:I,"<2100") -> 0 | Q22: =COUNTIFS(veri!H:H,34,veri!I:I,">=1900",veri!I:I,"<2100") -> 0 | R22: =COUNTIFS(veri!H:H,35,veri!I:I,">=1900",veri!I:I,"<2100") -> 0 | S22: =COUNTIFS(veri!H:H,36,veri!I:I,">=1900",veri!I:I,"<2100") -> 0 | T22: =COUNTIFS(veri!H:H,37,veri!I:I,">=1900",veri!I:I,"<2100") -> 0 | U22: =COUNTIFS(veri!H:H,38,veri!I:I,">=1900",veri!I:I,"<2100") -> 0 | V22: =COUNTIFS(veri!H:H,39,veri!I:I,">=1900",veri!I:I,"<2100") -> 0 | W22: =COUNTIFS(veri!H:H,40,veri!I:I,">=1900",veri!I:I,"<2100") -> 0 | X22: =COUNTIFS(veri!H:H,41,veri!I:I,">=1900",veri!I:I,"<2100") -> 0 | Y22: =COUNTIFS(veri!H:H,42,veri!I:I,">=1900",veri!I:I,"<2100") -> 1 | Z22: =SUM(B22:Y22) -> 1
A23: TOPLAM | B23: =SUM(B4:B22) -> 0 | C23: =SUM(C4:C22) -> 0 | D23: =SUM(D4:D22) -> 0 | E23: =SUM(E4:E22) -> 0 | F23: =SUM(F4:F22) -> 0 | G23: =SUM(G4:G22) -> 0 | H23: =SUM(H4:H22) -> 0 | I23: =SUM(I4:I22) -> 0 | ... Z23: =SUM(Z4:Z22) -> 9

Sheet sanatyer
A2: SANAT | B2: YERALTI | N2: YERÜSTÜ
A3: KODU | B3: Ayak içi/Pano | C3: Hazırlık galerisi | D3: Kömür baca/yolu | E3: Ana ihraç yolu | F3: Bant boyu | G3: Kuyu | H3: Vinç altı | I3: Tertip odası | J3: Kavşak | K3: Havalandırma | L3: Dolgu | M3: YA Diğer | N3: Tesisler | O3: Açık ocak | P3: Atölyeler | Q3: Pazarlama/Kantar | R3: Sosyal tes. | S3: Servis yolu | T3: Laboratuvar | U3: Pasa döküm | V3: Malzeme deposu | W3: Bant hattı | X3: Park/Garaj | Y3: YÜ Diğer | Z3: TOPLAM
A4: 1: MEKANİZE KAZI OP. | B4: =COUNTIFS(veri!G:G,1,veri!H:H,11) -> 0 | C4: =COUNTIFS(veri!G:G,1,veri!H:H,12) -> 0 | D4: =COUNTIFS(veri!G:G,1,veri!H:H,13) -> 0 | E4: =COUNTIFS(veri!G:G,1,veri!H:H,14) -> 0 | F4: =COUNTIFS(veri!G:G,1,veri!H:H,15) -> 0 | G4: =COUNTIFS(veri!G:G,1,veri!H:H,16) -> 0 | H4: =COUNTIFS(veri!G:G,1,veri!H:H,17) -> 0 | I4: =COUNTIFS(veri!G:G,1,veri!H:H,18) -> 0 | J4: =COUNTIFS(veri!G:G,1,veri!H:H,19) -> 0 | K4: =COUNTIFS(veri!G:G,1,veri!H:H,20) -> 0 | L4: =COUNTIFS(veri!G:G,1,veri!H:H,21) -> 0 | M4: =COUNTIFS(veri!G:G,1,veri!H:H,22) -> 0 | N4: =COUNTIFS(veri!G:G,1,veri!H:H,31) -> 0 | O4: =COUNTIFS(veri!G:G,1,veri!H:H,32) -> 0 | P4: =COUNTIFS(veri!G:G,1,veri!H:H,33) -> 0 | Q4: =COUNTIFS(veri!G:G,1,veri!H:H,34) -> 0 | R4: =COUNTIFS(veri!G:G,1,veri!H:H,35) -> 0 | S4: =COUNTIFS(veri!G:G,1,veri!H:H,36) -> 0 | T4: =COUNTIFS(veri!G:G,1,veri!H:H,37) -> 0 | U4: =COUNTIFS(veri!G:G,1,veri!H:H,38) -> 0 | V4: =COUNTIFS(veri!G:G,1,veri!H:H,39) -> 0 | W4: =COUNTIFS(veri!G:G,1,veri!H:H,40) -> 0 | X4: =COUNTIFS(veri!G:G,1,veri!H:H,41) -> 0 | Y4: =COUNTIFS(veri!G:G,1,veri!H:H,42) -> 0 | Z4: =SUM(B4:Y4) -> 0
A5: 2: YÜR.TAHKİMAT SÜR. | B5: =COUNTIFS(veri!G:G,2,veri!H:H,11) -> 0 | C5: =COUNTIFS(veri!G:G,2,veri!H:H,12) -> 0 | D5: =COUNTIFS(veri!G:G,2,veri!H:H,13) -> 0 | E5: =COUNTIFS(veri!G:G,2,veri!H:H,14) -> 0 | F5: =COUNTIFS(veri!G:G,2,veri!H:H,15) -> 0 | G5: =COUNTIFS(veri!G:G,2,veri!H:H,16) -> 0 | H5: =COUNTIFS(veri!G:G,2,veri!H:H,17) -> 0 | I5: =COUNTIFS(veri!G:G,2,veri!H:H,18) -> 0 | J5: =COUNTIFS(veri!G:G,2,veri!H:H,19) -> 0 | K5: =COUNTIFS(veri!G:G,2,veri!H:H,20) -> 0 | L5: =COUNTIFS(veri!G:G,2,veri!H:H,21) -> 0 | M5: =COUNTIFS(veri!G:G,2,veri!H:H,22) -> 0 | N5: =COUNTIFS(veri!G:G,2,veri!H:H,31) -> 0 | O5: =COUNTIFS(veri!G:G,2,veri!H:H,32) -> 0 | P5: =COUNTIFS(veri!G:G,2,veri!H:H,33) -> 0 | Q5: =COUNTIFS(veri!G:G,2,veri!H:H,34) -> 0 | R5: =COUNTIFS(veri!G:G,2,veri!H:H,35) -> 0 | S5: =COUNTIFS(veri!G:G,2,veri!H:H,36) -> 0 | T5: =COUNTIFS(veri!G:G,2,veri!H:H,37) -> 0 | U5: =COUNTIFS(veri!G:G,2,veri!H:H,38) -> 0 | V5: =COUNTIFS(veri!G:G,2,veri!H:H,39) -> 0 | W5: =COUNTIFS(veri!G:G,2,veri!H:H,40) -> 0 | X5: =COUNTIFS(veri!G:G,2,veri!H:H,41) -> 0 | Y5: =COUNTIFS(veri!G:G,2,veri!H:H,42) -> 0 | Z5: =SUM(B5:Y5) -> 0
A6: 3: Y.A.HAZ.İŞÇİSİ | B6: =COUNTIFS(veri!G:G,3,veri!H:H,11) -> 0 | C6: =COUNTIFS(veri!G:G,3,veri!H:H,12) -> 0 | D6: =COUNTIFS(veri!G:G,3,veri!H:H,13) -> 0 | E6: =COUNTIFS(veri!G:G,3,veri!H:H,14) -> 0 | F6: =COUNTIFS(veri!G:G,3,veri!H:H,15) -> 0 | G6: =COUNTIFS(veri!G:G,3,veri!H:H,16) -> 0 | H6: =COUNTIFS(veri!G:G,3,veri!H:H,17) -> 0 | I6: =COUNTIFS(veri!G:G,3,veri!H:H,18) -> 0 | J6: =COUNTIFS(veri!G:G,3,veri!H:H,19) -> 0 | K6: =COUNTIFS(veri!G:G,3,veri!H:H,20) -> 0 | L6: =COUNTIFS(veri!G:G,3,veri!H:H,21) -> 0 | M6: =COUNTIFS(veri!G:G,3,veri!H:H,22) -> 0 | N6: =COUNTIFS(veri!G:G,3,veri!H:H,31) -> 0 | O6: =COUNTIFS(veri!G:G,3,veri!H:H,32) -> 0 | P6: =COUNTIFS(veri!G:G,3,veri!H:H,33) -> 0 | Q6: =COUNTIFS(veri!G:G,3,veri!H:H,34) -> 0 | R6: =COUNTIFS(veri!G:G,3,veri!H:H,35) -> 0 | S6: =COUNTIFS(veri!G:G,3,veri!H:H,36) -> 0 | T6: =COUNTIFS(veri!G:G,3,veri!H:H,37) -> 0 | U6: =COUNTIFS(veri!G:G,3,veri!H:H,38) -> 0 | V6: =COUNTIFS(veri!G:G,3,veri!H:H,39) -> 0 | W6: =COUNTIFS(veri!G:G,3,veri!H:H,40) -> 0 | X6: =COUNTIFS(veri!G:G,3,veri!H:H,41) -> 0 | Y6: =COUNTIFS(veri!G:G,3,veri!H:H,42) -> 0 | Z6: =SUM(B6:Y6) -> 0
A7: 4: Y.A.HAZ.İŞÇ.YEDEK | B7: =COUNTIFS(veri!G:G,4,veri!H:H,11) -> 0 | C7: =COUNTIFS(veri!G:G,4,veri!H:H,12) -> 0 | D7: =COUNTIFS(veri!G:G,4,veri!H:H,13) -> 0 | E7: =COUNTIFS(veri!G:G,4,veri!H:H,14) -> 0 | F7: =COUNTIFS(veri!G:G,4,veri!H:H,15) -> 0 | G7: =COUNTIFS(veri!G:G,4,veri!H:H,16) -> 0 | H7: =COUNTIFS(veri!G:G,4,veri!H:H,17) -> 0 | I7: =COUNTIFS(veri!G:G,4,veri!H:H,18) -> 0 | J7: =COUNTIFS(veri!G:G,4,veri!H:H,19) -> 0 | K7: =COUNTIFS(veri!G:G,4,veri!H:H,20) -> 0 | L7: =COUNTIFS(veri!G:G,4,veri!H:H,21) -> 0 | M7: =COUNTIFS(veri!G:G,4,veri!H:H,22) -> 0 | N7: =COUNTIFS(veri!G:G,4,veri!H:H,31) -> 0 | O7: =COUNTIFS(veri!G:G,4,veri!H:H,32) -> 0 | P7: =COUNTIFS(veri!G:G,4,veri!H:H,33) -> 0 | Q7: =COUNTIFS(veri!G:G,4,veri!H:H,34) -> 0 | R7: =COUNTIFS(veri!G:G,4,veri!H:H,35) -> 0 | S7: =COUNTIFS(veri!G:G,4,veri!H:H,36) -> 0 | T7: =COUNTIFS(veri!G:G,4,veri!H:H,37) -> 0 | U7: =COUNTIFS(veri!G:G,4,veri!H:H,38) -> 0 | V7: =COUNTIFS(veri!G:G,4,veri!H:H,39) -> 0 | W7: =COUNTIFS(veri!G:G,4,veri!H:H,40) -> 0 | X7: =COUNTIFS(veri!G:G,4,veri!H:H,41) -> 0 | Y7: =COUNTIFS(veri!G:G,4,veri!H:H,42) -> 0 | Z7: =SUM(B7:Y7) -> 0
A8: 5: Y.A.HAZ.USTASI | B8: =COUNTIFS(veri!G:G,5,veri!H:H,11) -> 0 | C8: =COUNTIFS(veri!G:G,5,veri!H:H,12) -> 0 | D8: =COUNTIFS(veri!G:G,5,veri!H:H,13) -> 0 | E8: =COUNTIFS(veri!G:G,5,veri!H:H,14) -> 0 | F8: =COUNTIFS(veri!G:G,5,veri!H:H,15) -> 0 | G8: =COUNTIFS(veri!G:G,5,veri!H:H,16) -> 0 | H8: =COUNTIFS(veri!G:G,5,veri!H:H,17) -> 0 | I8: =COUNTIFS(veri!G:G,5,veri!H:H,18) -> 0 | J8: =COUNTIFS(veri!G:G,5,veri!H:H,19) -> 0 | K8: =COUNTIFS(veri!G:G,5,veri!H:H,20) -> 0 | L8: =COUNTIFS(veri!G:G,5,veri!H:H,21) -> 0 | M8: =COUNTIFS(veri!G:G,5,veri!H:H,22) -> 0 | N8: =COUNTIFS(veri!G:G,5,veri!H:H,31) -> 0 | O8: =COUNTIFS(veri!G:G,5,veri!H:H,32) -> 0 | P8: =COUNTIFS(veri!G:G,5,veri!H:H,33) -> 0 | Q8: =COUNTIFS(veri!G:G,5,veri!H:H,34) -> 0 | R8: =COUNTIFS(veri!G:G,5,veri!H:H,35) -> 0 | S8: =COUNTIFS(veri!G:G,5,veri!H:H,36) -> 0 | T8: =COUNTIFS(veri!G:G,5,veri!H:H,37) -> 0 | U8: =COUNTIFS(veri!G:G,5,veri!H:H,38) -> 0 | V8: =COUNTIFS(veri!G:G,5,veri!H:H,39) -> 0 | W8: =COUNTIFS(veri!G:G,5,veri!H:H,40) -> 0 | X8: =COUNTIFS(veri!G:G,5,veri!H:H,41) -> 0 | Y8: =COUNTIFS(veri!G:G,5,veri!H:H,42) -> 0 | Z8: =SUM(B8:Y8) -> 0
A9: 6: Y.A.MAD.HAZ.ELEM. | B9: =COUNTIFS(veri!G:G,6,veri!H:H,11) -> 0 | C9: =COUNTIFS(veri!G:G,6,veri!H:H,12) -> 0 | D9: =COUNTIFS(veri!G:G,6,veri!H:H,13) -> 0 | E9: =COUNTIFS(veri!G:G,6,veri!H:H,14) -> 0 | F9: =COUNTIFS(veri!G:G,6,veri!H:H,15) -> 0 | G9: =COUNTIFS(veri!G:G,6,veri!H:H,16) -> 0 | H9: =COUNTIFS(veri!G:G,6,veri!H:H,17) -> 0 | I9: =COUNTIFS(veri!G:G,6,veri!H:H,18) -> 0 | J9: =COUNTIFS(veri!G:G,6,veri!H:H,19) -> 0 | K9: =COUNTIFS(veri!G:G,6,veri!H:H,20) -> 0 | L9: =COUNTIFS(veri!G:G,6,veri!H:H,21) -> 0 | M9: =COUNTIFS(veri!G:G,6,veri!H:H,22) -> 0 | N9: =COUNTIFS(veri!G:G,6,veri!H:H,31) -> 0 | O9: =COUNTIFS(veri!G:G,6,veri!H:H,32) -> 0 | P9: =COUNTIFS(veri!G:G,6,veri!H:H,33) -> 0 | Q9: =COUNTIFS(veri!G:G,6,veri!H:H,34) -> 0 | R9: =COUNTIFS(veri!G:G,6,veri!H:H,35) -> 0 | S9: =COUNTIFS(veri!G:G,6,veri!H:H,36) -> 0 | T9: =COUNTIFS(veri!G:G,6,veri!H:H,37) -> 0 | U9: =COUNTIFS(veri!G:G,6,veri!H:H,38) -> 0 | V9: =COUNTIFS(veri!G:G,6,veri!H:H,39) -> 0 | W9: =COUNTIFS(veri!G:G,6,veri!H:H,40) -> 0 | X9: =COUNTIFS(veri!G:G,6,veri!H:H,41) -> 0 | Y9: =COUNTIFS(veri!G:G,6,veri!H:H,42) -> 0 | Z9: =SUM(B9:Y9) -> 0
A10: 7: DELİKÇİ | B10: =COUNTIFS(veri!G:G,7,veri!H:H,11) -> 0 | C10: =COUNTIFS(veri!G:G,7,veri!H:H,12) -> 0 | D10: =COUNTIFS(veri!G:G,7,veri!H:H,13) -> 0 | E10: =COUNTIFS(veri!G:G,7,veri!H:H,14) -> 0 | F10: =COUNTIFS(veri!G:G,7,veri!H:H,15) -> 0 | G10: =COUNTIFS(veri!G:G,7,veri!H:H,16) -> 0 | H10: =COUNTIFS(veri!G:G,7,veri!H:H,17) -> 0 | I10: =COUNTIFS(veri!G:G,7,veri!H:H,18) -> 0 | J10: =COUNTIFS(veri!G:G,7,veri!H:H,19) -> 0 | K10: =COUNTIFS(veri!G:G,7,veri!H:H,20) -> 0 | L10: =COUNTIFS(veri!G:G,7,veri!H:H,21) -> 0 | M10: =COUNTIFS(veri!G:G,7,veri!H:H,22) -> 0 | N10: =COUNTIFS(veri!G:G,7,veri!H:H,31) -> 0 | O10: =COUNTIFS(veri!G:G,7,veri!H:H,32) -> 0 | P10: =COUNTIFS(veri!G:G,7,veri!H:H,33) -> 0 | Q10: =COUNTIFS(veri!G:G,7,veri!H:H,34) -> 0 | R10: =COUNTIFS(veri!G:G,7,veri!H:H,35) -> 0 | S10: =COUNTIFS(veri!G:G,7,veri!H:H,36) -> 0 | T10: =COUNTIFS(veri!G:G,7,veri!H:H,37) -> 0 | U10: =COUNTIFS(veri!G:G,7,veri!H:H,38) -> 0 | V10: =COUNTIFS(veri!G:G,7,veri!H:H,39) -> 0 | W10: =COUNTIFS(veri!G:G,7,veri!H:H,40) -> 0 | X10: =COUNTIFS(veri!G:G,7,veri!H:H,41) -> 0 | Y10: =COUNTIFS(veri!G:G,7,veri!H:H,42) -> 0 | Z10: =SUM(B10:Y10) -> 0
A11: 8: ATEŞÇİ | B11: =COUNTIFS(veri!G:G,8,veri!H:H,11) -> 0 | C11: =COUNTIFS(veri!G:G,8,veri!H:H,12) -> 0 | D11: =COUNTIFS(veri!G:G,8,veri!H:H,13) -> 0 | E11: =COUNTIFS(veri!G:G,8,veri!H:H,14) -> 0 | F11: =COUNTIFS(veri!G:G,8,veri!H:H,15) -> 0 | G11: =COUNTIFS(veri!G:G,8,veri!H:H,16) -> 0 | H11: =COUNTIFS(veri!G:G,8,veri!H:H,17) -> 0 | I11: =COUNTIFS(veri!G:G,8,veri!H:H,18) -> 0 | J11: =COUNTIFS(veri!G:G,8,veri!H:H,19) -> 0 | K11: =COUNTIFS(veri!G:G,8,veri!H:H,20) -> 0 | L11: =COUNTIFS(veri!G:G,8,veri!H:H,21) -> 0 | M11: =COUNTIFS(veri!G:G,8,veri!H:H,22) -> 0 | N11: =COUNTIFS(veri!G:G,8,veri!H:H,31) -> 0 | O11: =COUNTIFS(veri!G:G,8,veri!H:H,32) -> 0 | P11: =COUNTIFS(veri!G:G,8,veri!H:H,33) -> 0 | Q11: =COUNTIFS(veri!G:G,8,veri!H:H,34) -> 0 | R11: =COUNTIFS(veri!G:G,8,veri!H:H,35) -> 0 | S11: =COUNTIFS(veri!G:G,8,veri!H:H,36) -> 0 | T11: =COUNTIFS(veri!G:G,8,veri!H:H,37) -> 0 | U11: =COUNTIFS(veri!G:G,8,veri!H:H,38) -> 0 | V11: =COUNTIFS(veri!G:G,8,veri!H:H,39) -> 0 | W11: =COUNTIFS(veri!G:G,8,veri!H:H,40) -> 0 | X11: =COUNTIFS(veri!G:G,8,veri!H:H,41) -> 0 | Y11: =COUNTIFS(veri!G:G,8,veri!H:H,42) -> 0 | Z11: =SUM(B11:Y11) -> 0
A12: 9: TAHKİMATÇI | B12: =COUNTIFS(veri!G:G,9,veri!H:H,11) -> 0 | C12: =COUNTIFS(veri!G:G,9,veri!H:H,12) -> 0 | D12: =COUNTIFS(veri!G:G,9,veri!H:H,13) -> 0 | E12: =COUNTIFS(veri!G:G,9,veri!H:H,14) -> 0 | F12: =COUNTIFS(veri!G:G,9,veri!H:H,15) -> 0 | G12: =COUNTIFS(veri!G:G,9,veri!H:H,16) -> 0 | H12: =COUNTIFS(veri!G:G,9,veri!H:H,17) -> 0 | I12: =COUNTIFS(veri!G:G,9,veri!H:H,18) -> 0 | J12: =COUNTIFS(veri!G:G,9,veri!H:H,19) -> 0 | K12: =COUNTIFS(veri!G:G,9,veri!H:H,20) -> 0 | L12: =COUNTIFS(veri!G:G,9,veri!H:H,21) -> 0 | M12: =COUNTIFS(veri!G:G,9,veri!H:H,22) -> 0 | N12: =COUNTIFS(veri!G:G,9,veri!H:H,31) -> 0 | O12: =COUNTIFS(veri!G:G,9,veri!H:H,32) -> 0 | P12: =COUNTIFS(veri!G:G,9,veri!H:H,33) -> 0 | Q12: =COUNTIFS(veri!G:G,9,veri!H:H,34) -> 0 | R12: =COUNTIFS(veri!G:G,9,veri!H:H,35) -> 0 | S12: =COUNTIFS(veri!G:G,9,veri!H:H,36) -> 0 | T12: =COUNTIFS(veri!G:G,9,veri!H:H,37) -> 0 | U12: =COUNTIFS(veri!G:G,9,veri!H:H,38) -> 0 | V12: =COUNTIFS(veri!G:G,9,veri!H:H,39) -> 0 | W12: =COUNTIFS(veri!G:G,9,veri!H:H,40) -> 0 | X12: =COUNTIFS(veri!G:G,9,veri!H:H,41) -> 0 | Y12: =COUNTIFS(veri!G:G,9,veri!H:H,42) -> 0 | Z12: =SUM(B12:Y12) -> 0
A13: 10: KONVEYÖR OP. | B13: =COUNTIFS(veri!G:G,10,veri!H:H,11) -> 0 | C13: =COUNTIFS(veri!G:G,10,veri!H:H,12) -> 0 | D13: =COUNTIFS(veri!G:G,10,veri!H:H,13) -> 0 | E13: =COUNTIFS(veri!G:G,10,veri!H:H,14) -> 0 | F13: =COUNTIFS(veri!G:G,10,veri!H:H,15) -> 0 | G13: =COUNTIFS(veri!G:G,10,veri!H:H,16) -> 0 | H13: =COUNTIFS(veri!G:G,10,veri!H:H,17) -> 0 | I13: =COUNTIFS(veri!G:G,10,veri!H:H,18) -> 0 | J13: =COUNTIFS(veri!G:G,10,veri!H:H,19) -> 0 | K13: =COUNTIFS(veri!G:G,10,veri!H:H,20) -> 0 | L13: =COUNTIFS(veri!G:G,10,veri!H:H,21) -> 0 | M13: =COUNTIFS(veri!G:G,10,veri!H:H,22) -> 0 | N13: =COUNTIFS(veri!G:G,10,veri!H:H,31) -> 0 | O13: =COUNTIFS(veri!G:G,10,veri!H:H,32) -> 0 | P13: =COUNTIFS(veri!G:G,10,veri!H:H,33) -> 0 | Q13: =COUNTIFS(veri!G:G,10,veri!H:H,34) -> 0 | R13: =COUNTIFS(veri!G:G,10,veri!H:H,35) -> 0 | S13: =COUNTIFS(veri!G:G,10,veri!H:H,36) -> 0 | T13: =COUNTIFS(veri!G:G,10,veri!H:H,37) -> 0 | U13: =COUNTIFS(veri!G:G,10,veri!H:H,38) -> 0 | V13: =COUNTIFS(veri!G:G,10,veri!H:H,39) -> 0 | W13: =COUNTIFS(veri!G:G,10,veri!H:H,40) -> 0 | X13: =COUNTIFS(veri!G:G,10,veri!H:H,41) -> 0 | Y13: =COUNTIFS(veri!G:G,10,veri!H:H,42) -> 0 | Z13: =SUM(B13:Y13) -> 0
A14: 11: ELEKTRİKÇİ | B14: =COUNTIFS(veri!G:G,11,veri!H:H,11) -> 0 | C14: =COUNTIFS(veri!G:G,11,veri!H:H,12) -> 0 | D14: =COUNTIFS(veri!G:G,11,veri!H:H,13) -> 0 | E14: =COUNTIFS(veri!G:G,11,veri!H:H,14) -> 0 | F14: =COUNTIFS(veri!G:G,11,veri!H:H,15) -> 0 | G14: =COUNTIFS(veri!G:G,11,veri!H:H,16) -> 0 | H14: =COUNTIFS(veri!G:G,11,veri!H:H,17) -> 0 | I14: =COUNTIFS(veri!G:G,11,veri!H:H,18) -> 0 | J14: =COUNTIFS(veri!G:G,11,veri!H:H,19) -> 0 | K14: =COUNTIFS(veri!G:G,11,veri!H:H,20) -> 0 | L14: =COUNTIFS(veri!G:G,11,veri!H:H,21) -> 0 | M14: =COUNTIFS(veri!G:G,11,veri!H:H,22) -> 0 | N14: =COUNTIFS(veri!G:G,11,veri!H:H,31) -> 0 | O14: =COUNTIFS(veri!G:G,11,veri!H:H,32) -> 0 | P14: =COUNTIFS(veri!G:G,11,veri!H:H,33) -> 0 | Q14: =COUNTIFS(veri!G:G,11,veri!H:H,34) -> 0 | R14: =COUNTIFS(veri!G:G,11,veri!H:H,35) -> 0 | S14: =COUNTIFS(veri!G:G,11,veri!H:H,36) -> 0 | T14: =COUNTIFS(veri!G:G,11,veri!H:H,37) -> 0 | U14: =COUNTIFS(veri!G:G,11,veri!H:H,38) -> 0 | V14: =COUNTIFS(veri!G:G,11,veri!H:H,39) -> 0 | W14: =COUNTIFS(veri!G:G,11,veri!H:H,40) -> 0 | X14: =COUNTIFS(veri!G:G,11,veri!H:H,41) -> 0 | Y14: =COUNTIFS(veri!G:G,11,veri!H:H,42) -> 0 | Z14: =SUM(B14:Y14) -> 0
A15: 12: TULUMBACI | B15: =COUNTIFS(veri!G:G,12,veri!H:H,11) -> 0 | C15: =COUNTIFS(veri!G:G,12,veri!H:H,12) -> 0 | D15: =COUNTIFS(veri!G:G,12,veri!H:H,13) -> 0 | E15: =COUNTIFS(veri!G:G,12,veri!H:H,14) -> 0 | F15: =COUNTIFS(veri!G:G,12,veri!H:H,15) -> 0 | G15: =COUNTIFS(veri!G:G,12,veri!H:H,16) -> 0 | H15: =COUNTIFS(veri!G:G,12,veri!H:H,17) -> 0 | I15: =COUNTIFS(veri!G:G,12,veri!H:H,18) -> 0 | J15: =COUNTIFS(veri!G:G,12,veri!H:H,19) -> 0 | K15: =COUNTIFS(veri!G:G,12,veri!H:H,20) -> 0 | L15: =COUNTIFS(veri!G:G,12,veri!H:H,21) -> 0 | M15: =COUNTIFS(veri!G:G,12,veri!H:H,22) -> 0 | N15: =COUNTIFS(veri!G:G,12,veri!H:H,31) -> 0 | O15: =COUNTIFS(veri!G:G,12,veri!H:H,32) -> 0 | P15: =COUNTIFS(veri!G:G,12,veri!H:H,33) -> 0 | Q15: =COUNTIFS(veri!G:G,12,veri!H:H,34) -> 0 | R15: =COUNTIFS(veri!G:G,12,veri!H:H,35) -> 0 | S15: =COUNTIFS(veri!G:G,12,veri!H:H,36) -> 0 | T15: =COUNTIFS(veri!G:G,12,veri!H:H,37) -> 0 | U15: =COUNTIFS(veri!G:G,12,veri!H:H,38) -> 0 | V15: =COUNTIFS(veri!G:G,12,veri!H:H,39) -> 0 | W15: =COUNTIFS(veri!G:G,12,veri!H:H,40) -> 0 | X15: =COUNTIFS(veri!G:G,12,veri!H:H,41) -> 0 | Y15: =COUNTIFS(veri!G:G,12,veri!H:H,42) -> 0 | Z15: =SUM(B15:Y15) -> 0
A16: 13: MAKİNİST | B16: =COUNTIFS(veri!G:G,13,veri!H:H,11) -> 0 | C16: =COUNTIFS(veri!G:G,13,veri!H:H,12) -> 0 | D16: =COUNTIFS(veri!G:G,13,veri!H:H,13) -> 0 | E16: =COUNTIFS(veri!G:G,13,veri!H:H,14) -> 0 | F16: =COUNTIFS(veri!G:G,13,veri!H:H,15) -> 0 | G16: =COUNTIFS(veri!G:G,13,veri!H:H,16) -> 0 | H16: =COUNTIFS(veri!G:G,13,veri!H:H,17) -> 0 | I16: =COUNTIFS(veri!G:G,13,veri!H:H,18) -> 0 | J16: =COUNTIFS(veri!G:G,13,veri!H:H,19) -> 0 | K16: =COUNTIFS(veri!G:G,13,veri!H:H,20) -> 0 | L16: =COUNTIFS(veri!G:G,13,veri!H:H,21) -> 0 | M16: =COUNTIFS(veri!G:G,13,veri!H:H,22) -> 0 | N16: =COUNTIFS(veri!G:G,13,veri!H:H,31) -> 0 | O16: =COUNTIFS(veri!G:G,13,veri!H:H,32) -> 0 | P16: =COUNTIFS(veri!G:G,13,veri!H:H,33) -> 0 | Q16: =COUNTIFS(veri!G:G,13,veri!H:H,34) -> 0 | R16: =COUNTIFS(veri!G:G,13,veri!H:H,35) -> 0 | S16: =COUNTIFS(veri!G:G,13,veri!H:H,36) -> 0 | T16: =COUNTIFS(veri!G:G,13,veri!H:H,37) -> 0 | U16: =COUNTIFS(veri!G:G,13,veri!H:H,38) -> 0 | V16: =COUNTIFS(veri!G:G,13,veri!H:H,39) -> 0 | W16: =COUNTIFS(veri!G:G,13,veri!H:H,40) -> 0 | X16: =COUNTIFS(veri!G:G,13,veri!H:H,41) -> 0 | Y16: =COUNTIFS(veri!G:G,13,veri!H:H,42) -> 0 | Z16: =SUM(B16:Y16) -> 0
A17: 14: MADEN TEKNİKERİ | B17: =COUNTIFS(veri!G:G,14,veri!H:H,11) -> 0 | C17: =COUNTIFS(veri!G:G,14,veri!H:H,12) -> 0 | D17: =COUNTIFS(veri!G:G,14,veri!H:H,13) -> 0 | E17: =COUNTIFS(veri!G:G,14,veri!H:H,14) -> 0 | F17: =COUNTIFS(veri!G:G,14,veri!H:H,15) -> 0 | G17: =COUNTIFS(veri!G:G,14,veri!H:H,16) -> 0 | H17: =COUNTIFS(veri!G:G,14,veri!H:H,17) -> 0 | I17: =COUNTIFS(veri!G:G,14,veri!H:H,18) -> 0 | J17: =COUNTIFS(veri!G:G,14,veri!H:H,19) -> 0 | K17: =COUNTIFS(veri!G:G,14,veri!H:H,20) -> 0 | L17: =COUNTIFS(veri!G:G,14,veri!H:H,21) -> 0 | M17: =COUNTIFS(veri!G:G,14,veri!H:H,22) -> 0 | N17: =COUNTIFS(veri!G:G,14,veri!H:H,31) -> 0 | O17: =COUNTIFS(veri!G:G,14,veri!H:H,32) -> 0 | P17: =COUNTIFS(veri!G:G,14,veri!H:H,33) -> 0 | Q17: =COUNTIFS(veri!G:G,14,veri!H:H,34) -> 0 | R17: =COUNTIFS(veri!G:G,14,veri!H:H,35) -> 0 | S17: =COUNTIFS(veri!G:G,14,veri!H:H,36) -> 0 | T17: =COUNTIFS(veri!G:G,14,veri!H:H,37) -> 0 | U17: =COUNTIFS(veri!G:G,14,veri!H:H,38) -> 0 | V17: =COUNTIFS(veri!G:G,14,veri!H:H,39) -> 0 | W17: =COUNTIFS(veri!G:G,14,veri!H:H,40) -> 0 | X17: =COUNTIFS(veri!G:G,14,veri!H:H,41) -> 0 | Y17: =COUNTIFS(veri!G:G,14,veri!H:H,42) -> 0 | Z17: =SUM(B17:Y17) -> 0
A18: 15: NEZARETÇİ | B18: =COUNTIFS(veri!G:G,15,veri!H:H,11) -> 0 | C18: =COUNTIFS(veri!G:G,15,veri!H:H,12) -> 0 | D18: =COUNTIFS(veri!G:G,15,veri!H:H,13) -> 0 | E18: =COUNTIFS(veri!G:G,15,veri!H:H,14) -> 0 | F18: =COUNTIFS(veri!G:G,15,veri!H:H,15) -> 0 | G18: =COUNTIFS(veri!G:G,15,veri!H:H,16) -> 0 | H18: =COUNTIFS(veri!G:G,15,veri!H:H,17) -> 0 | I18: =COUNTIFS(veri!G:G,15,veri!H:H,18) -> 0 | J18: =COUNTIFS(veri!G:G,15,veri!H:H,19) -> 0 | K18: =COUNTIFS(veri!G:G,15,veri!H:H,20) -> 0 | L18: =COUNTIFS(veri!G:G,15,veri!H:H,21) -> 0 | M18: =COUNTIFS(veri!G:G,15,veri!H:H,22) -> 0 | N18: =COUNTIFS(veri!G:G,15,veri!H:H,31) -> 0 | O18: =COUNTIFS(veri!G:G,15,veri!H:H,32) -> 0 | P18: =COUNTIFS(veri!G:G,15,veri!H:H,33) -> 0 | Q18: =COUNTIFS(veri!G:G,15,veri!H:H,34) -> 0 | R18: =COUNTIFS(veri!G:G,15,veri!H:H,35) -> 0 | S18: =COUNTIFS(veri!G:G,15,veri!H:H,36) -> 0 | T18: =COUNTIFS(veri!G:G,15,veri!H:H,37) -> 0 | U18: =COUNTIFS(veri!G:G,15,veri!H:H,38) -> 0 | V18: =COUNTIFS(veri!G:G,15,veri!H:H,39) -> 0 | W18: =COUNTIFS(veri!G:G,15,veri!H:H,40) -> 0 | X18: =COUNTIFS(veri!G:G,15,veri!H:H,41) -> 0 | Y18: =COUNTIFS(veri!G:G,15,veri!H:H,42) -> 0 | Z18: =SUM(B18:Y18) -> 0
A19: 16: İSG DESTEK EL. | B19: =COUNTIFS(veri!G:G,16,veri!H:H,11) -> 0 | C19: =COUNTIFS(veri!G:G,16,veri!H:H,12) -> 0 | D19: =COUNTIFS(veri!G:G,16,veri!H:H,13) -> 0 | E19: =COUNTIFS(veri!G:G,16,veri!H:H,14) -> 0 | F19: =COUNTIFS(veri!G:G,16,veri!H:H,15) -> 0 | G19: =COUNTIFS(veri!G:G,16,veri!H:H,16) -> 0 | H19: =COUNTIFS(veri!G:G,16,veri!H:H,17) -> 0 | I19: =COUNTIFS(veri!G:G,16,veri!H:H,18) -> 0 | J19: =COUNTIFS(veri!G:G,16,veri!H:H,19) -> 0 | K19: =COUNTIFS(veri!G:G,16,veri!H:H,20) -> 0 | L19: =COUNTIFS(veri!G:G,16,veri!H:H,21) -> 0 | M19: =COUNTIFS(veri!G:G,16,veri!H:H,22) -> 0 | N19: =COUNTIFS(veri!G:G,16,veri!H:H,31) -> 0 | O19: =COUNTIFS(veri!G:G,16,veri!H:H,32) -> 0 | P19: =COUNTIFS(veri!G:G,16,veri!H:H,33) -> 0 | Q19: =COUNTIFS(veri!G:G,16,veri!H:H,34) -> 0 | R19: =COUNTIFS(veri!G:G,16,veri!H:H,35) -> 0 | S19: =COUNTIFS(veri!G:G,16,veri!H:H,36) -> 0 | T19: =COUNTIFS(veri!G:G,16,veri!H:H,37) -> 0 | U19: =COUNTIFS(veri!G:G,16,veri!H:H,38) -> 0 | V19: =COUNTIFS(veri!G:G,16,veri!H:H,39) -> 0 | W19: =COUNTIFS(veri!G:G,16,veri!H:H,40) -> 0 | X19: =COUNTIFS(veri!G:G,16,veri!H:H,41) -> 0 | Y19: =COUNTIFS(veri!G:G,16,veri!H:H,42) -> 0 | Z19: =SUM(B19:Y19) -> 0
A20: 17: Y.A.TAMİR-BAKIMCI | B20: =COUNTIFS(veri!G:G,17,veri!H:H,11) -> 0 | C20: =COUNTIFS(veri!G:G,17,veri!H:H,12) -> 0 | D20: =COUNTIFS(veri!G:G,17,veri!H:H,13) -> 0 | E20: =COUNTIFS(veri!G:G,17,veri!H:H,14) -> 0 | F20: =COUNTIFS(veri!G:G,17,veri!H:H,15) -> 0 | G20: =COUNTIFS(veri!G:G,17,veri!H:H,16) -> 0 | H20: =COUNTIFS(veri!G:G,17,veri!H:H,17) -> 0 | I20: =COUNTIFS(veri!G:G,17,veri!H:H,18) -> 0 | J20: =COUNTIFS(veri!G:G,17,veri!H:H,19) -> 0 | K20: =COUNTIFS(veri!G:G,17,veri!H:H,20) -> 0 | L20: =COUNTIFS(veri!G:G,17,veri!H:H,21) -> 0 | M20: =COUNTIFS(veri!G:G,17,veri!H:H,22) -> 0 | N20: =COUNTIFS(veri!G:G,17,veri!H:H,31) -> 0 | O20: =COUNTIFS(veri!G:G,17,veri!H:H,32) -> 0 | P20: =COUNTIFS(veri!G:G,17,veri!H:H,33) -> 0 | Q20: =COUNTIFS(veri!G:G,17,veri!H:H,34) -> 0 | R20: =COUNTIFS(veri!G:G,17,veri!H:H,35) -> 0 | S20: =COUNTIFS(veri!G:G,17,veri!H:H,36) -> 0 | T20: =COUNTIFS(veri!G:G,17,veri!H:H,37) -> 0 | U20: =COUNTIFS(veri!G:G,17,veri!H:H,38) -> 0 | V20: =COUNTIFS(veri!G:G,17,veri!H:H,39) -> 0 | W20: =COUNTIFS(veri!G:G,17,veri!H:H,40) -> 0 | X20: =COUNTIFS(veri!G:G,17,veri!H:H,41) -> 0 | Y20: =COUNTIFS(veri!G:G,17,veri!H:H,42) -> 0 | Z20: =SUM(B20:Y20) -> 0
A21: 18: Y.A.KAYNAKÇI | B21: =COUNTIFS(veri!G:G,18,veri!H:H,11) -> 0 | C21: =COUNTIFS(veri!G:G,18,veri!H:H,12) -> 0 | D21: =COUNTIFS(veri!G:G,18,veri!H:H,13) -> 0 | E21: =COUNTIFS(veri!G:G,18,veri!H:H,14) -> 0 | F21: =COUNTIFS(veri!G:G,18,veri!H:H,15) -> 0 | G21: =COUNTIFS(veri!G:G,18,veri!H:H,16) -> 0 | H21: =COUNTIFS(veri!G:G,18,veri!H:H,17) -> 0 | I21: =COUNTIFS(veri!G:G,18,veri!H:H,18) -> 0 | J21: =COUNTIFS(veri!G:G,18,veri!H:H,19) -> 0 | K21: =COUNTIFS(veri!G:G,18,veri!H:H,20) -> 0 | L21: =COUNTIFS(veri!G:G,18,veri!H:H,21) -> 0 | M21: =COUNTIFS(veri!G:G,18,veri!H:H,22) -> 0 | N21: =COUNTIFS(veri!G:G,18,veri!H:H,31) -> 0 | O21: =COUNTIFS(veri!G:G,18,veri!H:H,32) -> 0 | P21: =COUNTIFS(veri!G:G,18,veri!H:H,33) -> 0 | Q21: =COUNTIFS(veri!G:G,18,veri!H:H,34) -> 0 | R21: =COUNTIFS(veri!G:G,18,veri!H:H,35) -> 0 | S21: =COUNTIFS(veri!G:G,18,veri!H:H,36) -> 0 | T21: =COUNTIFS(veri!G:G,18,veri!H:H,37) -> 0 | U21: =COUNTIFS(veri!G:G,18,veri!H:H,38) -> 0 | V21: =COUNTIFS(veri!G:G,18,veri!H:H,39) -> 0 | W21: =COUNTIFS(veri!G:G,18,veri!H:H,40) -> 0 | X21: =COUNTIFS(veri!G:G,18,veri!H:H,41) -> 0 | Y21: =COUNTIFS(veri!G:G,18,veri!H:H,42) -> 0 | Z21: =SUM(B21:Y21) -> 0
A22: 19: SÜRÜCÜ/LOKOMOTİF | B22: =COUNTIFS(veri!G:G,19,veri!H:H,11) -> 0 | C22: =COUNTIFS(veri!G:G,19,veri!H:H,12) -> 0 | D22: =COUNTIFS(veri!G:G,19,veri!H:H,13) -> 0 | E22: =COUNTIFS(veri!G:G,19,veri!H:H,14) -> 0 | F22: =COUNTIFS(veri!G:G,19,veri!H:H,15) -> 0 | G22: =COUNTIFS(veri!G:G,19,veri!H:H,16) -> 0 | H22: =COUNTIFS(veri!G:G,19,veri!H:H,17) -> 0 | I22: =COUNTIFS(veri!G:G,19,veri!H:H,18) -> 0 | J22: =COUNTIFS(veri!G:G,19,veri!H:H,19) -> 0 | K22: =COUNTIFS(veri!G:G,19,veri!H:H,20) -> 0 | L22: =COUNTIFS(veri!G:G,19,veri!H:H,21) -> 0 | M22: =COUNTIFS(veri!G:G,19,veri!H:H,22) -> 0 | N22: =COUNTIFS(veri!G:G,19,veri!H:H,31) -> 0 | O22: =COUNTIFS(veri!G:G,19,veri!H:H,32) -> 0 | P22: =COUNTIFS(veri!G:G,19,veri!H:H,33) -> 0 | Q22: =COUNTIFS(veri!G:G,19,veri!H:H,34) -> 0 | R22: =COUNTIFS(veri!G:G,19,veri!H:H,35) -> 0 | S22: =COUNTIFS(veri!G:G,19,veri!H:H,36) -> 0 | T22: =COUNTIFS(veri!G:G,19,veri!H:H,37) -> 0 | U22: =COUNTIFS(veri!G:G,19,veri!H:H,38) -> 0 | V22: =COUNTIFS(veri!G:G,19,veri!H:H,39) -> 0 | W22: =COUNTIFS(veri!G:G,19,veri!H:H,40) -> 0 | X22: =COUNTIFS(veri!G:G,19,veri!H:H,41) -> 0 | Y22: =COUNTIFS(veri!G:G,19,veri!H:H,42) -> 0 | Z22: =SUM(B22:Y22) -> 0
A23: 20: TOPOGRAF | B23: =COUNTIFS(veri!G:G,20,veri!H:H,11) -> 0 | C23: =COUNTIFS(veri!G:G,20,veri!H:H,12) -> 0 | D23: =COUNTIFS(veri!G:G,20,veri!H:H,13) -> 0 | E23: =COUNTIFS(veri!G:G,20,veri!H:H,14) -> 0 | F23: =COUNTIFS(veri!G:G,20,veri!H:H,15) -> 0 | G23: =COUNTIFS(veri!G:G,20,veri!H:H,16) -> 0 | H23: =COUNTIFS(veri!G:G,20,veri!H:H,17) -> 0 | I23: =COUNTIFS(veri!G:G,20,veri!H:H,18) -> 0 | J23: =COUNTIFS(veri!G:G,20,veri!H:H,19) -> 0 | K23: =COUNTIFS(veri!G:G,20,veri!H:H,20) -> 0 | L23: =COUNTIFS(veri!G:G,20,veri!H:H,21) -> 0 | M23: =COUNTIFS(veri!G:G,20,veri!H:H,22) -> 0 | N23: =COUNTIFS(veri!G:G,20,veri!H:H,31) -> 0 | O23: =COUNTIFS(veri!G:G,20,veri!H:H,32) -> 0 | P23: =COUNTIFS(veri!G:G,20,veri!H:H,33) -> 0 | Q23: =COUNTIFS(veri!G:G,20,veri!H:H,34) -> 0 | R23: =COUNTIFS(veri!G:G,20,veri!H:H,35) -> 0 | S23: =COUNTIFS(veri!G:G,20,veri!H:H,36) -> 0 | T23: =COUNTIFS(veri!G:G,20,veri!H:H,37) -> 0 | U23: =COUNTIFS(veri!G:G,20,veri!H:H,38) -> 0 | V23: =COUNTIFS(veri!G:G,20,veri!H:H,39) -> 0 | W23: =COUNTIFS(veri!G:G,20,veri!H:H,40) -> 0 | X23: =COUNTIFS(veri!G:G,20,veri!H:H,41) -> 0 | Y23: =COUNTIFS(veri!G:G,20,veri!H:H,42) -> 0 | Z23: =SUM(B23:Y23) -> 0
A24: 21: JEOLOJİ TEKNİSYENİ | B24: =COUNTIFS(veri!G:G,21,veri!H:H,11) -> 0 | C24: =COUNTIFS(veri!G:G,21,veri!H:H,12) -> 0 | D24: =COUNTIFS(veri!G:G,21,veri!H:H,13) -> 0 | E24: =COUNTIFS(veri!G:G,21,veri!H:H,14) -> 0 | F24: =COUNTIFS(veri!G:G,21,veri!H:H,15) -> 0 | G24: =COUNTIFS(veri!G:G,21,veri!H:H,16) -> 0 | H24: =COUNTIFS(veri!G:G,21,veri!H:H,17) -> 0 | I24: =COUNTIFS(veri!G:G,21,veri!H:H,18) -> 0 | J24: =COUNTIFS(veri!G:G,21,veri!H:H,19) -> 0 | K24: =COUNTIFS(veri!G:G,21,veri!H:H,20) -> 0 | L24: =COUNTIFS(veri!G:G,21,veri!H:H,21) -> 0 | M24: =COUNTIFS(veri!G:G,21,veri!H:H,22) -> 0 | N24: =COUNTIFS(veri!G:G,21,veri!H:H,31) -> 0 | O24: =COUNTIFS(veri!G:G,21,veri!H:H,32) -> 0 | P24: =COUNTIFS(veri!G:G,21,veri!H:H,33) -> 0 | Q24: =COUNTIFS(veri!G:G,21,veri!H:H,34) -> 0 | R24: =COUNTIFS(veri!G:G,21,veri!H:H,35) -> 0 | S24: =COUNTIFS(veri!G:G,21,veri!H:H,36) -> 0 | T24: =COUNTIFS(veri!G:G,21,veri!H:H,37) -> 0 | U24: =COUNTIFS(veri!G:G,21,veri!H:H,38) -> 0 | V24: =COUNTIFS(veri!G:G,21,veri!H:H,39) -> 0 | W24: =COUNTIFS(veri!G:G,21,veri!H:H,40) -> 0 | X24: =COUNTIFS(veri!G:G,21,veri!H:H,41) -> 0 | Y24: =COUNTIFS(veri!G:G,21,veri!H:H,42) -> 0 | Z24: =SUM(B24:Y24) -> 0
A25: 22: KUYU DİBİ İŞÇİSİ | B25: =COUNTIFS(veri!G:G,22,veri!H:H,11) -> 0 | C25: =COUNTIFS(veri!G:G,22,veri!H:H,12) -> 0 | D25: =COUNTIFS(veri!G:G,22,veri!H:H,13) -> 0 | E25: =COUNTIFS(veri!G:G,22,veri!H:H,14) -> 0 | F25: =COUNTIFS(veri!G:G,22,veri!H:H,15) -> 0 | G25: =COUNTIFS(veri!G:G,22,veri!H:H,16) -> 0 | H25: =COUNTIFS(veri!G:G,22,veri!H:H,17) -> 0 | I25: =COUNTIFS(veri!G:G,22,veri!H:H,18) -> 0 | J25: =COUNTIFS(veri!G:G,22,veri!H:H,19) -> 0 | K25: =COUNTIFS(veri!G:G,22,veri!H:H,20) -> 0 | L25: =COUNTIFS(veri!G:G,22,veri!H:H,21) -> 0 | M25: =COUNTIFS(veri!G:G,22,veri!H:H,22) -> 0 | N25: =COUNTIFS(veri!G:G,22,veri!H:H,31) -> 0 | O25: =COUNTIFS(veri!G:G,22,veri!H:H,32) -> 0 | P25: =COUNTIFS(veri!G:G,22,veri!H:H,33) -> 0 | Q25: =COUNTIFS(veri!G:G,22,veri!H:H,34) -> 0 | R25: =COUNTIFS(veri!G:G,22,veri!H:H,35) -> 0 | S25: =COUNTIFS(veri!G:G,22,veri!H:H,36) -> 0 | T25: =COUNTIFS(veri!G:G,22,veri!H:H,37) -> 0 | U25: =COUNTIFS(veri!G:G,22,veri!H:H,38) -> 0 | V25: =COUNTIFS(veri!G:G,22,veri!H:H,39) -> 0 | W25: =COUNTIFS(veri!G:G,22,veri!H:H,40) -> 0 | X25: =COUNTIFS(veri!G:G,22,veri!H:H,41) -> 0 | Y25: =COUNTIFS(veri!G:G,22,veri!H:H,42) -> 0 | Z25: =SUM(B25:Y25) -> 0
A26: 23: VİNCİ | B26: =COUNTIFS(veri!G:G,23,veri!H:H,11) -> 0 | C26: =COUNTIFS(veri!G:G,23,veri!H:H,12) -> 0 | D26: =COUNTIFS(veri!G:G,23,veri!H:H,13) -> 0 | E26: =COUNTIFS(veri!G:G,23,veri!H:H,14) -> 0 | F26: =COUNTIFS(veri!G:G,23,veri!H:H,15) -> 0 | G26: =COUNTIFS(veri!G:G,23,veri!H:H,16) -> 0 | H26: =COUNTIFS(veri!G:G,23,veri!H:H,17) -> 0 | I26: =COUNTIFS(veri!G:G,23,veri!H:H,18) -> 0 | J26: =COUNTIFS(veri!G:G,23,veri!H:H,19) -> 0 | K26: =COUNTIFS(veri!G:G,23,veri!H:H,20) -> 0 | L26: =COUNTIFS(veri!G:G,23,veri!H:H,21) -> 0 | M26: =COUNTIFS(veri!G:G,23,veri!H:H,22) -> 0 | N26: =COUNTIFS(veri!G:G,23,veri!H:H,31) -> 0 | O26: =COUNTIFS(veri!G:G,23,veri!H:H,32) -> 0 | P26: =COUNTIFS(veri!G:G,23,veri!H:H,33) -> 0 | Q26: =COUNTIFS(veri!G:G,23,veri!H:H,34) -> 0 | R26: =COUNTIFS(veri!G:G,23,veri!H:H,35) -> 0 | S26: =COUNTIFS(veri!G:G,23,veri!H:H,36) -> 0 | T26: =COUNTIFS(veri!G:G,23,veri!H:H,37) -> 0 | U26: =COUNTIFS(veri!G:G,23,veri!H:H,38) -> 0 | V26: =COUNTIFS(veri!G:G,23,veri!H:H,39) -> 0 | W26: =COUNTIFS(veri!G:G,23,veri!H:H,40) -> 0 | X26: =COUNTIFS(veri!G:G,23,veri!H:H,41) -> 0 | Y26: =COUNTIFS(veri!G:G,23,veri!H:H,42) -> 0 | Z26: =SUM(B26:Y26) -> 0
A27: 24: HAVALANDIRMACI | B27: =COUNTIFS(veri!G:G,24,veri!H:H,11) -> 0 | C27: =COUNTIFS(veri!G:G,24,veri!H:H,12) -> 0 | D27: =COUNTIFS(veri!G:G,24,veri!H:H,13) -> 0 | E27: =COUNTIFS(veri!G:G,24,veri!H:H,14) -> 0 | F27: =COUNTIFS(veri!G:G,24,veri!H:H,15) -> 0 | G27: =COUNTIFS(veri!G:G,24,veri!H:H,16) -> 0 | H27: =COUNTIFS(veri!G:G,24,veri!H:H,17) -> 0 | I27: =COUNTIFS(veri!G:G,24,veri!H:H,18) -> 0 | J27: =COUNTIFS(veri!G:G,24,veri!H:H,19) -> 0 | K27: =COUNTIFS(veri!G:G,24,veri!H:H,20) -> 0 | L27: =COUNTIFS(veri!G:G,24,veri!H:H,21) -> 0 | M27: =COUNTIFS(veri!G:G,24,veri!H:H,22) -> 0 | N27: =COUNTIFS(veri!G:G,24,veri!H:H,31) -> 0 | O27: =COUNTIFS(veri!G:G,24,veri!H:H,32) -> 0 | P27: =COUNTIFS(veri!G:G,24,veri!H:H,33) -> 0 | Q27: =COUNTIFS(veri!G:G,24,veri!H:H,34) -> 0 | R27: =COUNTIFS(veri!G:G,24,veri!H:H,35) -> 0 | S27: =COUNTIFS(veri!G:G,24,veri!H:H,36) -> 0 | T27: =COUNTIFS(veri!G:G,24,veri!H:H,37) -> 0 | U27: =COUNTIFS(veri!G:G,24,veri!H:H,38) -> 0 | V27: =COUNTIFS(veri!G:G,24,veri!H:H,39) -> 0 | W27: =COUNTIFS(veri!G:G,24,veri!H:H,40) -> 0 | X27: =COUNTIFS(veri!G:G,24,veri!H:H,41) -> 0 | Y27: =COUNTIFS(veri!G:G,24,veri!H:H,42) -> 0 | Z27: =SUM(B27:Y27) -> 0
A28: 25: TARAMA İŞÇİSİ | B28: =COUNTIFS(veri!G:G,25,veri!H:H,11) -> 0 | C28: =COUNTIFS(veri!G:G,25,veri!H:H,12) -> 0 | D28: =COUNTIFS(veri!G:G,25,veri!H:H,13) -> 0 | E28: =COUNTIFS(veri!G:G,25,veri!H:H,14) -> 0 | F28: =COUNTIFS(veri!G:G,25,veri!H:H,15) -> 0 | G28: =COUNTIFS(veri!G:G,25,veri!H:H,16) -> 0 | H28: =COUNTIFS(veri!G:G,25,veri!H:H,17) -> 0 | I28: =COUNTIFS(veri!G:G,25,veri!H:H,18) -> 0 | J28: =COUNTIFS(veri!G:G,25,veri!H:H,19) -> 0 | K28: =COUNTIFS(veri!G:G,25,veri!H:H,20) -> 0 | L28: =COUNTIFS(veri!G:G,25,veri!H:H,21) -> 0 | M28: =COUNTIFS(veri!G:G,25,veri!H:H,22) -> 0 | N28: =COUNTIFS(veri!G:G,25,veri!H:H,31) -> 0 | O28: =COUNTIFS(veri!G:G,25,veri!H:H,32) -> 0 | P28: =COUNTIFS(veri!G:G,25,veri!H:H,33) -> 0 | Q28: =COUNTIFS(veri!G:G,25,veri!H:H,34) -> 0 | R28: =COUNTIFS(veri!G:G,25,veri!H:H,35) -> 0 | S28: =COUNTIFS(veri!G:G,25,veri!H:H,36) -> 0 | T28: =COUNTIFS(veri!G:G,25,veri!H:H,37) -> 0 | U28: =COUNTIFS(veri!G:G,25,veri!H:H,38) -> 0 | V28: =COUNTIFS(veri!G:G,25,veri!H:H,39) -> 0 | W28: =COUNTIFS(veri!G:G,25,veri!H:H,40) -> 0 | X28: =COUNTIFS(veri!G:G,25,veri!H:H,41) -> 0 | Y28: =COUNTIFS(veri!G:G,25,veri!H:H,42) -> 0 | Z28: =SUM(B28:Y28) -> 0
A29: 26: Y.A.DİĞER | B29: =COUNTIFS(veri!G:G,26,veri!H:H,11) -> 0 | C29: =COUNTIFS(veri!G:G,26,veri!H:H,12) -> 0 | D29: =COUNTIFS(veri!G:G,26,veri!H:H,13) -> 0 | E29: =COUNTIFS(veri!G:G,26,veri!H:H,14) -> 0 | F29: =COUNTIFS(veri!G:G,26,veri!H:H,15) -> 0 | G29: =COUNTIFS(veri!G:G,26,veri!H:H,16) -> 0 | H29: =COUNTIFS(veri!G:G,26,veri!H:H,17) -> 0 | I29: =COUNTIFS(veri!G:G,26,veri!H:H,18) -> 0 | J29: =COUNTIFS(veri!G:G,26,veri!H:H,19) -> 0 | K29: =COUNTIFS(veri!G:G,26,veri!H:H,20) -> 0 | L29: =COUNTIFS(veri!G:G,26,veri!H:H,21) -> 0 | M29: =COUNTIFS(veri!G:G,26,veri!H:H,22) -> 0 | N29: =COUNTIFS(veri!G:G,26,veri!H:H,31) -> 0 | O29: =COUNTIFS(veri!G:G,26,veri!H:H,32) -> 0 | P29: =COUNTIFS(veri!G:G,26,veri!H:H,33) -> 0 | Q29: =COUNTIFS(veri!G:G,26,veri!H:H,34) -> 0 | R29: =COUNTIFS(veri!G:G,26,veri!H:H,35) -> 0 | S29: =COUNTIFS(veri!G:G,26,veri!H:H,36) -> 0 | T29: =COUNTIFS(veri!G:G,26,veri!H:H,37) -> 0 | U29: =COUNTIFS(veri!G:G,26,veri!H:H,38) -> 0 | V29: =COUNTIFS(veri!G:G,26,veri!H:H,39) -> 0 | W29: =COUNTIFS(veri!G:G,26,veri!H:H,40) -> 0 | X29: =COUNTIFS(veri!G:G,26,veri!H:H,41) -> 0 | Y29: =COUNTIFS(veri!G:G,26,veri!H:H,42) -> 0 | Z29: =SUM(B29:Y29) -> 0
A30: 51: DOZER OP. | B30: =COUNTIFS(veri!G:G,51,veri!H:H,11) -> 0 | C30: =COUNTIFS(veri!G:G,51,veri!H:H,12) -> 0 | D30: =COUNTIFS(veri!G:G,51,veri!H:H,13) -> 0 | E30: =COUNTIFS(veri!G:G,51,veri!H:H,14) -> 0 | F30: =COUNTIFS(veri!G:G,51,veri!H:H,15) -> 0 | G30: =COUNTIFS(veri!G:G,51,veri!H:H,16) -> 0 | H30: =COUNTIFS(veri!G:G,51,veri!H:H,17) -> 0 | I30: =COUNTIFS(veri!G:G,51,veri!H:H,18) -> 0 | J30: =COUNTIFS(veri!G:G,51,veri!H:H,19) -> 0 | K30: =COUNTIFS(veri!G:G,51,veri!H:H,20) -> 0 | L30: =COUNTIFS(veri!G:G,51,veri!H:H,21) -> 0 | M30: =COUNTIFS(veri!G:G,51,veri!H:H,22) -> 0 | N30: =COUNTIFS(veri!G:G,51,veri!H:H,31) -> 0 | O30: =COUNTIFS(veri!G:G,51,veri!H:H,32) -> 0 | P30: =COUNTIFS(veri!G:G,51,veri!H:H,33) -> 0 | Q30: =COUNTIFS(veri!G:G,51,veri!H:H,34) -> 0 | R30: =COUNTIFS(veri!G:G,51,veri!H:H,35) -> 0 | S30: =COUNTIFS(veri!G:G,51,veri!H:H,36) -> 0 | T30: =COUNTIFS(veri!G:G,51,veri!H:H,37) -> 0 | U30: =COUNTIFS(veri!G:G,51,veri!H:H,38) -> 0 | V30: =COUNTIFS(veri!G:G,51,veri!H:H,39) -> 0 | W30: =COUNTIFS(veri!G:G,51,veri!H:H,40) -> 0 | X30: =COUNTIFS(veri!G:G,51,veri!H:H,41) -> 0 | Y30: =COUNTIFS(veri!G:G,51,veri!H:H,42) -> 0 | Z30: =SUM(B30:Y30) -> 0
A31: 52: EKSKAVATÖR OP. | B31: =COUNTIFS(veri!G:G,52,veri!H:H,11) -> 0 | C31: =COUNTIFS(veri!G:G,52,veri!H:H,12) -> 0 | D31: =COUNTIFS(veri!G:G,52,veri!H:H,13) -> 0 | E31: =COUNTIFS(veri!G:G,52,veri!H:H,14) -> 0 | F31: =COUNTIFS(veri!G:G,52,veri!H:H,15) -> 0 | G31: =COUNTIFS(veri!G:G,52,veri!H:H,16) -> 0 | H31: =COUNTIFS(veri!G:G,52,veri!H:H,17) -> 0 | I31: =COUNTIFS(veri!G:G,52,veri!H:H,18) -> 0 | J31: =COUNTIFS(veri!G:G,52,veri!H:H,19) -> 0 | K31: =COUNTIFS(veri!G:G,52,veri!H:H,20) -> 0 | L31: =COUNTIFS(veri!G:G,52,veri!H:H,21) -> 0 | M31: =COUNTIFS(veri!G:G,52,veri!H:H,22) -> 0 | N31: =COUNTIFS(veri!G:G,52,veri!H:H,31) -> 0 | O31: =COUNTIFS(veri!G:G,52,veri!H:H,32) -> 0 | P31: =COUNTIFS(veri!G:G,52,veri!H:H,33) -> 0 | Q31: =COUNTIFS(veri!G:G,52,veri!H:H,34) -> 0 | R31: =COUNTIFS(veri!G:G,52,veri!H:H,35) -> 0 | S31: =COUNTIFS(veri!G:G,52,veri!H:H,36) -> 0 | T31: =COUNTIFS(veri!G:G,52,veri!H:H,37) -> 0 | U31: =COUNTIFS(veri!G:G,52,veri!H:H,38) -> 0 | V31: =COUNTIFS(veri!G:G,52,veri!H:H,39) -> 0 | W31: =COUNTIFS(veri!G:G,52,veri!H:H,40) -> 0 | X31: =COUNTIFS(veri!G:G,52,veri!H:H,41) -> 0 | Y31: =COUNTIFS(veri!G:G,52,veri!H:H,42) -> 0 | Z31: =SUM(B31:Y31) -> 0
A32: 53: İŞ MAK. OP.(DİĞER) | B32: =COUNTIFS(veri!G:G,53,veri!H:H,11) -> 0 | C32: =COUNTIFS(veri!G:G,53,veri!H:H,12) -> 0 | D32: =COUNTIFS(veri!G:G,53,veri!H:H,13) -> 0 | E32: =COUNTIFS(veri!G:G,53,veri!H:H,14) -> 0 | F32: =COUNTIFS(veri!G:G,53,veri!H:H,15) -> 0 | G32: =COUNTIFS(veri!G:G,53,veri!H:H,16) -> 0 | H32: =COUNTIFS(veri!G:G,53,veri!H:H,17) -> 0 | I32: =COUNTIFS(veri!G:G,53,veri!H:H,18) -> 0 | J32: =COUNTIFS(veri!G:G,53,veri!H:H,19) -> 0 | K32: =COUNTIFS(veri!G:G,53,veri!H:H,20) -> 0 | L32: =COUNTIFS(veri!G:G,53,veri!H:H,21) -> 0 | M32: =COUNTIFS(veri!G:G,53,veri!H:H,22) -> 0 | N32: =COUNTIFS(veri!G:G,53,veri!H:H,31) -> 0 | O32: =COUNTIFS(veri!G:G,53,veri!H:H,32) -> 1 | P32: =COUNTIFS(veri!G:G,53,veri!H:H,33) -> 0 | Q32: =COUNTIFS(veri!G:G,53,veri!H:H,34) -> 0 | R32: =COUNTIFS(veri!G:G,53,veri!H:H,35) -> 0 | S32: =COUNTIFS(veri!G:G,53,veri!H:H,36) -> 0 | T32: =COUNTIFS(veri!G:G,53,veri!H:H,37) -> 0 | U32: =COUNTIFS(veri!G:G,53,veri!H:H,38) -> 0 | V32: =COUNTIFS(veri!G:G,53,veri!H:H,39) -> 0 | W32: =COUNTIFS(veri!G:G,53,veri!H:H,40) -> 0 | X32: =COUNTIFS(veri!G:G,53,veri!H:H,41) -> 0 | Y32: =COUNTIFS(veri!G:G,53,veri!H:H,42) -> 0 | Z32: =SUM(B32:Y32) -> 1
A33: 54: KAMYON ŞOF. | B33: =COUNTIFS(veri!G:G,54,veri!H:H,11) -> 0 | C33: =COUNTIFS(veri!G:G,54,veri!H:H,12) -> 0 | D33: =COUNTIFS(veri!G:G,54,veri!H:H,13) -> 0 | E33: =COUNTIFS(veri!G:G,54,veri!H:H,14) -> 0 | F33: =COUNTIFS(veri!G:G,54,veri!H:H,15) -> 0 | G33: =COUNTIFS(veri!G:G,54,veri!H:H,16) -> 0 | H33: =COUNTIFS(veri!G:G,54,veri!H:H,17) -> 0 | I33: =COUNTIFS(veri!G:G,54,veri!H:H,18) -> 0 | J33: =COUNTIFS(veri!G:G,54,veri!H:H,19) -> 0 | K33: =COUNTIFS(veri!G:G,54,veri!H:H,20) -> 0 | L33: =COUNTIFS(veri!G:G,54,veri!H:H,21) -> 0 | M33: =COUNTIFS(veri!G:G,54,veri!H:H,22) -> 0 | N33: =COUNTIFS(veri!G:G,54,veri!H:H,31) -> 0 | O33: =COUNTIFS(veri!G:G,54,veri!H:H,32) -> 0 | P33: =COUNTIFS(veri!G:G,54,veri!H:H,33) -> 0 | Q33: =COUNTIFS(veri!G:G,54,veri!H:H,34) -> 0 | R33: =COUNTIFS(veri!G:G,54,veri!H:H,35) -> 0 | S33: =COUNTIFS(veri!G:G,54,veri!H:H,36) -> 0 | T33: =COUNTIFS(veri!G:G,54,veri!H:H,37) -> 0 | U33: =COUNTIFS(veri!G:G,54,veri!H:H,38) -> 0 | V33: =COUNTIFS(veri!G:G,54,veri!H:H,39) -> 0 | W33: =COUNTIFS(veri!G:G,54,veri!H:H,40) -> 0 | X33: =COUNTIFS(veri!G:G,54,veri!H:H,41) -> 0 | Y33: =COUNTIFS(veri!G:G,54,veri!H:H,42) -> 0 | Z33: =SUM(B33:Y33) -> 0
A34: 55: TESİS İŞÇİSİ | B34: =COUNTIFS(veri!G:G,55,veri!H:H,11) -> 0 | C34: =COUNTIFS(veri!G:G,55,veri!H:H,12) -> 0 | D34: =COUNTIFS(veri!G:G,55,veri!H:H,13) -> 0 | E34: =COUNTIFS(veri!G:G,55,veri!H:H,14) -> 0 | F34: =COUNTIFS(veri!G:G,55,veri!H:H,15) -> 0 | G34: =COUNTIFS(veri!G:G,55,veri!H:H,16) -> 0 | H34: =COUNTIFS(veri!G:G,55,veri!H:H,17) -> 0 | I34: =COUNTIFS(veri!G:G,55,veri!H:H,18) -> 0 | J34: =COUNTIFS(veri!G:G,55,veri!H:H,19) -> 0 | K34: =COUNTIFS(veri!G:G,55,veri!H:H,20) -> 0 | L34: =COUNTIFS(veri!G:G,55,veri!H:H,21) -> 0 | M34: =COUNTIFS(veri!G:G,55,veri!H:H,22) -> 0 | N34: =COUNTIFS(veri!G:G,55,veri!H:H,31) -> 0 | O34: =COUNTIFS(veri!G:G,55,veri!H:H,32) -> 2 | P34: =COUNTIFS(veri!G:G,55,veri!H:H,33) -> 0 | Q34: =COUNTIFS(veri!G:G,55,veri!H:H,34) -> 0 | R34: =COUNTIFS(veri!G:G,55,veri!H:H,35) -> 0 | S34: =COUNTIFS(veri!G:G,55,veri!H:H,36) -> 0 | T34: =COUNTIFS(veri!G:G,55,veri!H:H,37) -> 0 | U34: =COUNTIFS(veri!G:G,55,veri!H:H,38) -> 0 | V34: =COUNTIFS(veri!G:G,55,veri!H:H,39) -> 0 | W34: =COUNTIFS(veri!G:G,55,veri!H:H,40) -> 0 | X34: =COUNTIFS(veri!G:G,55,veri!H:H,41) -> 0 | Y34: =COUNTIFS(veri!G:G,55,veri!H:H,42) -> 0 | Z34: =SUM(B34:Y34) -> 2
A35: 56: MANEVRACIYA | B35: =COUNTIFS(veri!G:G,56,veri!H:H,11) -> 0 | C35: =COUNTIFS(veri!G:G,56,veri!H:H,12) -> 0 | D35: =COUNTIFS(veri!G:G,56,veri!H:H,13) -> 0 | E35: =COUNTIFS(veri!G:G,56,veri!H:H,14) -> 0 | F35: =COUNTIFS(veri!G:G,56,veri!H:H,15) -> 0 | G35: =COUNTIFS(veri!G:G,56,veri!H:H,16) -> 0 | H35: =COUNTIFS(veri!G:G,56,veri!H:H,17) -> 0 | I35: =COUNTIFS(veri!G:G,56,veri!H:H,18) -> 0 | J35: =COUNTIFS(veri!G:G,56,veri!H:H,19) -> 0 | K35: =COUNTIFS(veri!G:G,56,veri!H:H,20) -> 0 | L35: =COUNTIFS(veri!G:G,56,veri!H:H,21) -> 0 | M35: =COUNTIFS(veri!G:G,56,veri!H:H,22) -> 0 | N35: =COUNTIFS(veri!G:G,56,veri!H:H,31) -> 0 | O35: =COUNTIFS(veri!G:G,56,veri!H:H,32) -> 0 | P35: =COUNTIFS(veri!G:G,56,veri!H:H,33) -> 0 | Q35: =COUNTIFS(veri!G:G,56,veri!H:H,34) -> 0 | R35: =COUNTIFS(veri!G:G,56,veri!H:H,35) -> 0 | S35: =COUNTIFS(veri!G:G,56,veri!H:H,36) -> 0 | T35: =COUNTIFS(veri!G:G,56,veri!H:H,37) -> 0 | U35: =COUNTIFS(veri!G:G,56,veri!H:H,38) -> 0 | V35: =COUNTIFS(veri!G:G,56,veri!H:H,39) -> 0 | W35: =COUNTIFS(veri!G:G,56,veri!H:H,40) -> 0 | X35: =COUNTIFS(veri!G:G,56,veri!H:H,41) -> 0 | Y35: =COUNTIFS(veri!G:G,56,veri!H:H,42) -> 0 | Z35: =SUM(B35:Y35) -> 0
A36: 57: BEDEN İŞÇİSİ | B36: =COUNTIFS(veri!G:G,57,veri!H:H,11) -> 0 | C36: =COUNTIFS(veri!G:G,57,veri!H:H,12) -> 0 | D36: =COUNTIFS(veri!G:G,57,veri!H:H,13) -> 0 | E36: =COUNTIFS(veri!G:G,57,veri!H:H,14) -> 0 | F36: =COUNTIFS(veri!G:G,57,veri!H:H,15) -> 0 | G36: =COUNTIFS(veri!G:G,57,veri!H:H,16) -> 0 | H36: =COUNTIFS(veri!G:G,57,veri!H:H,17) -> 0 | I36: =COUNTIFS(veri!G:G,57,veri!H:H,18) -> 0 | J36: =COUNTIFS(veri!G:G,57,veri!H:H,19) -> 0 | K36: =COUNTIFS(veri!G:G,57,veri!H:H,20) -> 0 | L36: =COUNTIFS(veri!G:G,57,veri!H:H,21) -> 0 | M36: =COUNTIFS(veri!G:G,57,veri!H:H,22) -> 0 | N36: =COUNTIFS(veri!G:G,57,veri!H:H,31) -> 0 | O36: =COUNTIFS(veri!G:G,57,veri!H:H,32) -> 0 | P36: =COUNTIFS(veri!G:G,57,veri!H:H,33) -> 0 | Q36: =COUNTIFS(veri!G:G,57,veri!H:H,34) -> 0 | R36: =COUNTIFS(veri!G:G,57,veri!H:H,35) -> 0 | S36: =COUNTIFS(veri!G:G,57,veri!H:H,36) -> 0 | T36: =COUNTIFS(veri!G:G,57,veri!H:H,37) -> 0 | U36: =COUNTIFS(veri!G:G,57,veri!H:H,38) -> 0 | V36: =COUNTIFS(veri!G:G,57,veri!H:H,39) -> 0 | W36: =COUNTIFS(veri!G:G,57,veri!H:H,40) -> 0 | X36: =COUNTIFS(veri!G:G,57,veri!H:H,41) -> 0 | Y36: =COUNTIFS(veri!G:G,57,veri!H:H,42) -> 0 | Z36: =SUM(B36:Y36) -> 0
A37: 58: KAYNAKÇI | B37: =COUNTIFS(veri!G:G,58,veri!H:H,11) -> 0 | C37: =COUNTIFS(veri!G:G,58,veri!H:H,12) -> 0 | D37: =COUNTIFS(veri!G:G,58,veri!H:H,13) -> 0 | E37: =COUNTIFS(veri!G:G,58,veri!H:H,14) -> 0 | F37: =COUNTIFS(veri!G:G,58,veri!H:H,15) -> 0 | G37: =COUNTIFS(veri!G:G,58,veri!H:H,16) -> 0 | H37: =COUNTIFS(veri!G:G,58,veri!H:H,17) -> 0 | I37: =COUNTIFS(veri!G:G,58,veri!H:H,18) -> 0 | J37: =COUNTIFS(veri!G:G,58,veri!H:H,19) -> 0 | K37: =COUNTIFS(veri!G:G,58,veri!H:H,20) -> 0 | L37: =COUNTIFS(veri!G:G,58,veri!H:H,21) -> 0 | M37: =COUNTIFS(veri!G:G,58,veri!H:H,22) -> 0 | N37: =COUNTIFS(veri!G:G,58,veri!H:H,31) -> 0 | O37: =COUNTIFS(veri!G:G,58,veri!H:H,32) -> 0 | P37: =COUNTIFS(veri!G:G,58,veri!H:H,33) -> 0 | Q37: =COUNTIFS(veri!G:G,58,veri!H:H,34) -> 0 | R37: =COUNTIFS(veri!G:G,58,veri!H:H,35) -> 0 | S37: =COUNTIFS(veri!G:G,58,veri!H:H,36) -> 0 | T37: =COUNTIFS(veri!G:G,58,veri!H:H,37) -> 0 | U37: =COUNTIFS(veri!G:G,58,veri!H:H,38) -> 0 | V37: =COUNTIFS(veri!G:G,58,veri!H:H,39) -> 0 | W37: =COUNTIFS(veri!G:G,58,veri!H:H,40) -> 0 | X37: =COUNTIFS(veri!G:G,58,veri!H:H,41) -> 0 | Y37: =COUNTIFS(veri!G:G,58,veri!H:H,42) -> 0 | Z37: =SUM(B37:Y37) -> 0
A38: 59: TORNACI | B38: =COUNTIFS(veri!G:G,59,veri!H:H,11) -> 0 | C38: =COUNTIFS(veri!G:G,59,veri!H:H,12) -> 0 | D38: =COUNTIFS(veri!G:G,59,veri!H:H,13) -> 0 | E38: =COUNTIFS(veri!G:G,59,veri!H:H,14) -> 0 | F38: =COUNTIFS(veri!G:G,59,veri!H:H,15) -> 0 | G38: =COUNTIFS(veri!G:G,59,veri!H:H,16) -> 0 | H38: =COUNTIFS(veri!G:G,59,veri!H:H,17) -> 0 | I38: =COUNTIFS(veri!G:G,59,veri!H:H,18) -> 0 | J38: =COUNTIFS(veri!G:G,59,veri!H:H,19) -> 0 | K38: =COUNTIFS(veri!G:G,59,veri!H:H,20) -> 0 | L38: =COUNTIFS(veri!G:G,59,veri!H:H,21) -> 0 | M38: =COUNTIFS(veri!G:G,59,veri!H:H,22) -> 0 | N38: =COUNTIFS(veri!G:G,59,veri!H:H,31) -> 0 | O38: =COUNTIFS(veri!G:G,59,veri!H:H,32) -> 0 | P38: =COUNTIFS(veri!G:G,59,veri!H:H,33) -> 0 | Q38: =COUNTIFS(veri!G:G,59,veri!H:H,34) -> 0 | R38: =COUNTIFS(veri!G:G,59,veri!H:H,35) -> 0 | S38: =COUNTIFS(veri!G:G,59,veri!H:H,36) -> 0 | T38: =COUNTIFS(veri!G:G,59,veri!H:H,37) -> 0 | U38: =COUNTIFS(veri!G:G,59,veri!H:H,38) -> 0 | V38: =COUNTIFS(veri!G:G,59,veri!H:H,39) -> 0 | W38: =COUNTIFS(veri!G:G,59,veri!H:H,40) -> 0 | X38: =COUNTIFS(veri!G:G,59,veri!H:H,41) -> 1 | Y38: =COUNTIFS(veri!G:G,59,veri!H:H,42) -> 0 | Z38: =SUM(B38:Y38) -> 1
A39: 60: TESVİYECİ | B39: =COUNTIFS(veri!G:G,60,veri!H:H,11) -> 0 | C39: =COUNTIFS(veri!G:G,60,veri!H:H,12) -> 0 | D39: =COUNTIFS(veri!G:G,60,veri!H:H,13) -> 0 | E39: =COUNTIFS(veri!G:G,60,veri!H:H,14) -> 0 | F39: =COUNTIFS(veri!G:G,60,veri!H:H,15) -> 0 | G39: =COUNTIFS(veri!G:G,60,veri!H:H,16) -> 0 | H39: =COUNTIFS(veri!G:G,60,veri!H:H,17) -> 0 | I39: =COUNTIFS(veri!G:G,60,veri!H:H,18) -> 0 | J39: =COUNTIFS(veri!G:G,60,veri!H:H,19) -> 0 | K39: =COUNTIFS(veri!G:G,60,veri!H:H,20) -> 0 | L39: =COUNTIFS(veri!G:G,60,veri!H:H,21) -> 0 | M39: =COUNTIFS(veri!G:G,60,veri!H:H,22) -> 0 | N39: =COUNTIFS(veri!G:G,60,veri!H:H,31) -> 0 | O39: =COUNTIFS(veri!G:G,60,veri!H:H,32) -> 0 | P39: =COUNTIFS(veri!G:G,60,veri!H:H,33) -> 0 | Q39: =COUNTIFS(veri!G:G,60,veri!H:H,34) -> 0 | R39: =COUNTIFS(veri!G:G,60,veri!H:H,35) -> 0 | S39: =COUNTIFS(veri!G:G,60,veri!H:H,36) -> 0 | T39: =COUNTIFS(veri!G:G,60,veri!H:H,37) -> 0 | U39: =COUNTIFS(veri!G:G,60,veri!H:H,38) -> 0 | V39: =COUNTIFS(veri!G:G,60,veri!H:H,39) -> 0 | W39: =COUNTIFS(veri!G:G,60,veri!H:H,40) -> 0 | X39: =COUNTIFS(veri!G:G,60,veri!H:H,41) -> 0 | Y39: =COUNTIFS(veri!G:G,60,veri!H:H,42) -> 0 | Z39: =SUM(B39:Y39) -> 0
A40: 61: BORU TESİSATÇISI | B40: =COUNTIFS(veri!G:G,61,veri!H:H,11) -> 0 | C40: =COUNTIFS(veri!G:G,61,veri!H:H,12) -> 0 | D40: =COUNTIFS(veri!G:G,61,veri!H:H,13) -> 0 | E40: =COUNTIFS(veri!G:G,61,veri!H:H,14) -> 0 | F40: =COUNTIFS(veri!G:G,61,veri!H:H,15) -> 0 | G40: =COUNTIFS(veri!G:G,61,veri!H:H,16) -> 0 | H40: =COUNTIFS(veri!G:G,61,veri!H:H,17) -> 0 | I40: =COUNTIFS(veri!G:G,61,veri!H:H,18) -> 0 | J40: =COUNTIFS(veri!G:G,61,veri!H:H,19) -> 0 | K40: =COUNTIFS(veri!G:G,61,veri!H:H,20) -> 0 | L40: =COUNTIFS(veri!G:G,61,veri!H:H,21) -> 0 | M40: =COUNTIFS(veri!G:G,61,veri!H:H,22) -> 0 | N40: =COUNTIFS(veri!G:G,61,veri!H:H,31) -> 0 | O40: =COUNTIFS(veri!G:G,61,veri!H:H,32) -> 0 | P40: =COUNTIFS(veri!G:G,61,veri!H:H,33) -> 0 | Q40: =COUNTIFS(veri!G:G,61,veri!H:H,34) -> 0 | R40: =COUNTIFS(veri!G:G,61,veri!H:H,35) -> 0 | S40: =COUNTIFS(veri!G:G,61,veri!H:H,36) -> 0 | T40: =COUNTIFS(veri!G:G,61,veri!H:H,37) -> 0 | U40: =COUNTIFS(veri!G:G,61,veri!H:H,38) -> 0 | V40: =COUNTIFS(veri!G:G,61,veri!H:H,39) -> 0 | W40: =COUNTIFS(veri!G:G,61,veri!H:H,40) -> 0 | X40: =COUNTIFS(veri!G:G,61,veri!H:H,41) -> 0 | Y40: =COUNTIFS(veri!G:G,61,veri!H:H,42) -> 0 | Z40: =SUM(B40:Y40) -> 0
A41: 62: EL./ELEK.TEK. | B41: =COUNTIFS(veri!G:G,62,veri!H:H,11) -> 0 | C41: =COUNTIFS(veri!G:G,62,veri!H:H,12) -> 0 | D41: =COUNTIFS(veri!G:G,62,veri!H:H,13) -> 0 | E41: =COUNTIFS(veri!G:G,62,veri!H:H,14) -> 0 | F41: =COUNTIFS(veri!G:G,62,veri!H:H,15) -> 0 | G41: =COUNTIFS(veri!G:G,62,veri!H:H,16) -> 0 | H41: =COUNTIFS(veri!G:G,62,veri!H:H,17) -> 0 | I41: =COUNTIFS(veri!G:G,62,veri!H:H,18) -> 0 | J41: =COUNTIFS(veri!G:G,62,veri!H:H,19) -> 0 | K41: =COUNTIFS(veri!G:G,62,veri!H:H,20) -> 0 | L41: =COUNTIFS(veri!G:G,62,veri!H:H,21) -> 0 | M41: =COUNTIFS(veri!G:G,62,veri!H:H,22) -> 0 | N41: =COUNTIFS(veri!G:G,62,veri!H:H,31) -> 0 | O41: =COUNTIFS(veri!G:G,62,veri!H:H,32) -> 0 | P41: =COUNTIFS(veri!G:G,62,veri!H:H,33) -> 0 | Q41: =COUNTIFS(veri!G:G,62,veri!H:H,34) -> 0 | R41: =COUNTIFS(veri!G:G,62,veri!H:H,35) -> 0 | S41: =COUNTIFS(veri!G:G,62,veri!H:H,36) -> 0 | T41: =COUNTIFS(veri!G:G,62,veri!H:H,37) -> 0 | U41: =COUNTIFS(veri!G:G,62,veri!H:H,38) -> 0 | V41: =COUNTIFS(veri!G:G,62,veri!H:H,39) -> 0 | W41: =COUNTIFS(veri!G:G,62,veri!H:H,40) -> 0 | X41: =COUNTIFS(veri!G:G,62,veri!H:H,41) -> 0 | Y41: =COUNTIFS(veri!G:G,62,veri!H:H,42) -> 0 | Z41: =SUM(B41:Y41) -> 0
A42: 63: OTOMASYON TEK. | B42: =COUNTIFS(veri!G:G,63,veri!H:H,11) -> 0 | C42: =COUNTIFS(veri!G:G,63,veri!H:H,12) -> 0 | D42: =COUNTIFS(veri!G:G,63,veri!H:H,13) -> 0 | E42: =COUNTIFS(veri!G:G,63,veri!H:H,14) -> 0 | F42: =COUNTIFS(veri!G:G,63,veri!H:H,15) -> 0 | G42: =COUNTIFS(veri!G:G,63,veri!H:H,16) -> 0 | H42: =COUNTIFS(veri!G:G,63,veri!H:H,17) -> 0 | I42: =COUNTIFS(veri!G:G,63,veri!H:H,18) -> 0 | J42: =COUNTIFS(veri!G:G,63,veri!H:H,19) -> 0 | K42: =COUNTIFS(veri!G:G,63,veri!H:H,20) -> 0 | L42: =COUNTIFS(veri!G:G,63,veri!H:H,21) -> 0 | M42: =COUNTIFS(veri!G:G,63,veri!H:H,22) -> 0 | N42: =COUNTIFS(veri!G:G,63,veri!H:H,31) -> 0 | O42: =COUNTIFS(veri!G:G,63,veri!H:H,32) -> 0 | P42: =COUNTIFS(veri!G:G,63,veri!H:H,33) -> 0 | Q42: =COUNTIFS(veri!G:G,63,veri!H:H,34) -> 0 | R42: =COUNTIFS(veri!G:G,63,veri!H:H,35) -> 0 | S42: =COUNTIFS(veri!G:G,63,veri!H:H,36) -> 0 | T42: =COUNTIFS(veri!G:G,63,veri!H:H,37) -> 0 | U42: =COUNTIFS(veri!G:G,63,veri!H:H,38) -> 0 | V42: =COUNTIFS(veri!G:G,63,veri!H:H,39) -> 0 | W42: =COUNTIFS(veri!G:G,63,veri!H:H,40) -> 0 | X42: =COUNTIFS(veri!G:G,63,veri!H:H,41) -> 0 | Y42: =COUNTIFS(veri!G:G,63,veri!H:H,42) -> 1 | Z42: =SUM(B42:Y42) -> 1
A43: 64: MEKANİK | B43: =COUNTIFS(veri!G:G,64,veri!H:H,11) -> 0 | C43: =COUNTIFS(veri!G:G,64,veri!H:H,12) -> 0 | D43: =COUNTIFS(veri!G:G,64,veri!H:H,13) -> 0 | E43: =COUNTIFS(veri!G:G,64,veri!H:H,14) -> 0 | F43: =COUNTIFS(veri!G:G,64,veri!H:H,15) -> 0 | G43: =COUNTIFS(veri!G:G,64,veri!H:H,16) -> 0 | H43: =COUNTIFS(veri!G:G,64,veri!H:H,17) -> 0 | I43: =COUNTIFS(veri!G:G,64,veri!H:H,18) -> 0 | J43: =COUNTIFS(veri!G:G,64,veri!H:H,19) -> 0 | K43: =COUNTIFS(veri!G:G,64,veri!H:H,20) -> 0 | L43: =COUNTIFS(veri!G:G,64,veri!H:H,21) -> 0 | M43: =COUNTIFS(veri!G:G,64,veri!H:H,22) -> 0 | N43: =COUNTIFS(veri!G:G,64,veri!H:H,31) -> 0 | O43: =COUNTIFS(veri!G:G,64,veri!H:H,32) -> 0 | P43: =COUNTIFS(veri!G:G,64,veri!H:H,33) -> 0 | Q43: =COUNTIFS(veri!G:G,64,veri!H:H,34) -> 0 | R43: =COUNTIFS(veri!G:G,64,veri!H:H,35) -> 0 | S43: =COUNTIFS(veri!G:G,64,veri!H:H,36) -> 0 | T43: =COUNTIFS(veri!G:G,64,veri!H:H,37) -> 0 | U43: =COUNTIFS(veri!G:G,64,veri!H:H,38) -> 0 | V43: =COUNTIFS(veri!G:G,64,veri!H:H,39) -> 0 | W43: =COUNTIFS(veri!G:G,64,veri!H:H,40) -> 0 | X43: =COUNTIFS(veri!G:G,64,veri!H:H,41) -> 0 | Y43: =COUNTIFS(veri!G:G,64,veri!H:H,42) -> 0 | Z43: =SUM(B43:Y43) -> 0
A44: 65: KARO İŞÇİSİ | B44: =COUNTIFS(veri!G:G,65,veri!H:H,11) -> 0 | C44: =COUNTIFS(veri!G:G,65,veri!H:H,12) -> 0 | D44: =COUNTIFS(veri!G:G,65,veri!H:H,13) -> 0 | E44: =COUNTIFS(veri!G:G,65,veri!H:H,14) -> 0 | F44: =COUNTIFS(veri!G:G,65,veri!H:H,15) -> 0 | G44: =COUNTIFS(veri!G:G,65,veri!H:H,16) -> 0 | H44: =COUNTIFS(veri!G:G,65,veri!H:H,17) -> 0 | I44: =COUNTIFS(veri!G:G,65,veri!H:H,18) -> 0 | J44: =COUNTIFS(veri!G:G,65,veri!H:H,19) -> 0 | K44: =COUNTIFS(veri!G:G,65,veri!H:H,20) -> 0 | L44: =COUNTIFS(veri!G:G,65,veri!H:H,21) -> 0 | M44: =COUNTIFS(veri!G:G,65,veri!H:H,22) -> 0 | N44: =COUNTIFS(veri!G:G,65,veri!H:H,31) -> 0 | O44: =COUNTIFS(veri!G:G,65,veri!H:H,32) -> 0 | P44: =COUNTIFS(veri!G:G,65,veri!H:H,33) -> 0 | Q44: =COUNTIFS(veri!G:G,65,veri!H:H,34) -> 0 | R44: =COUNTIFS(veri!G:G,65,veri!H:H,35) -> 0 | S44: =COUNTIFS(veri!G:G,65,veri!H:H,36) -> 0 | T44: =COUNTIFS(veri!G:G,65,veri!H:H,37) -> 0 | U44: =COUNTIFS(veri!G:G,65,veri!H:H,38) -> 0 | V44: =COUNTIFS(veri!G:G,65,veri!H:H,39) -> 0 | W44: =COUNTIFS(veri!G:G,65,veri!H:H,40) -> 0 | X44: =COUNTIFS(veri!G:G,65,veri!H:H,41) -> 0 | Y44: =COUNTIFS(veri!G:G,65,veri!H:H,42) -> 0 | Z44: =SUM(B44:Y44) -> 0
A45: 66: İNŞAAT İŞÇİSİ | B45: =COUNTIFS(veri!G:G,66,veri!H:H,11) -> 0 | C45: =COUNTIFS(veri!G:G,66,veri!H:H,12) -> 0 | D45: =COUNTIFS(veri!G:G,66,veri!H:H,13) -> 0 | E45: =COUNTIFS(veri!G:G,66,veri!H:H,14) -> 0 | F45: =COUNTIFS(veri!G:G,66,veri!H:H,15) -> 0 | G45: =COUNTIFS(veri!G:G,66,veri!H:H,16) -> 0 | H45: =COUNTIFS(veri!G:G,66,veri!H:H,17) -> 0 | I45: =COUNTIFS(veri!G:G,66,veri!H:H,18) -> 0 | J45: =COUNTIFS(veri!G:G,66,veri!H:H,19) -> 0 | K45: =COUNTIFS(veri!G:G,66,veri!H:H,20) -> 0 | L45: =COUNTIFS(veri!G:G,66,veri!H:H,21) -> 0 | M45: =COUNTIFS(veri!G:G,66,veri!H:H,22) -> 0 | N45: =COUNTIFS(veri!G:G,66,veri!H:H,31) -> 0 | O45: =COUNTIFS(veri!G:G,66,veri!H:H,32) -> 0 | P45: =COUNTIFS(veri!G:G,66,veri!H:H,33) -> 0 | Q45: =COUNTIFS(veri!G:G,66,veri!H:H,34) -> 0 | R45: =COUNTIFS(veri!G:G,66,veri!H:H,35) -> 0 | S45: =COUNTIFS(veri!G:G,66,veri!H:H,36) -> 0 | T45: =COUNTIFS(veri!G:G,66,veri!H:H,37) -> 0 | U45: =COUNTIFS(veri!G:G,66,veri!H:H,38) -> 0 | V45: =COUNTIFS(veri!G:G,66,veri!H:H,39) -> 0 | W45: =COUNTIFS(veri!G:G,66,veri!H:H,40) -> 0 | X45: =COUNTIFS(veri!G:G,66,veri!H:H,41) -> 0 | Y45: =COUNTIFS(veri!G:G,66,veri!H:H,42) -> 0 | Z45: =SUM(B45:Y45) -> 0
A46: 67: MARANGOZ | B46: =COUNTIFS(veri!G:G,67,veri!H:H,11) -> 0 | C46: =COUNTIFS(veri!G:G,67,veri!H:H,12) -> 0 | D46: =COUNTIFS(veri!G:G,67,veri!H:H,13) -> 0 | E46: =COUNTIFS(veri!G:G,67,veri!H:H,14) -> 0 | F46: =COUNTIFS(veri!G:G,67,veri!H:H,15) -> 0 | G46: =COUNTIFS(veri!G:G,67,veri!H:H,16) -> 0 | H46: =COUNTIFS(veri!G:G,67,veri!H:H,17) -> 0 | I46: =COUNTIFS(veri!G:G,67,veri!H:H,18) -> 0 | J46: =COUNTIFS(veri!G:G,67,veri!H:H,19) -> 0 | K46: =COUNTIFS(veri!G:G,67,veri!H:H,20) -> 0 | L46: =COUNTIFS(veri!G:G,67,veri!H:H,21) -> 0 | M46: =COUNTIFS(veri!G:G,67,veri!H:H,22) -> 0 | N46: =COUNTIFS(veri!G:G,67,veri!H:H,31) -> 0 | O46: =COUNTIFS(veri!G:G,67,veri!H:H,32) -> 0 | P46: =COUNTIFS(veri!G:G,67,veri!H:H,33) -> 0 | Q46: =COUNTIFS(veri!G:G,67,veri!H:H,34) -> 0 | R46: =COUNTIFS(veri!G:G,67,veri!H:H,35) -> 0 | S46: =COUNTIFS(veri!G:G,67,veri!H:H,36) -> 0 | T46: =COUNTIFS(veri!G:G,67,veri!H:H,37) -> 0 | U46: =COUNTIFS(veri!G:G,67,veri!H:H,38) -> 0 | V46: =COUNTIFS(veri!G:G,67,veri!H:H,39) -> 0 | W46: =COUNTIFS(veri!G:G,67,veri!H:H,40) -> 0 | X46: =COUNTIFS(veri!G:G,67,veri!H:H,41) -> 0 | Y46: =COUNTIFS(veri!G:G,67,veri!H:H,42) -> 0 | Z46: =SUM(B46:Y46) -> 0
A47: 68: DEMİRCİ | B47: =COUNTIFS(veri!G:G,68,veri!H:H,11) -> 0 | C47: =COUNTIFS(veri!G:G,68,veri!H:H,12) -> 0 | D47: =COUNTIFS(veri!G:G,68,veri!H:H,13) -> 0 | E47: =COUNTIFS(veri!G:G,68,veri!H:H,14) -> 0 | F47: =COUNTIFS(veri!G:G,68,veri!H:H,15) -> 0 | G47: =COUNTIFS(veri!G:G,68,veri!H:H,16) -> 0 | H47: =COUNTIFS(veri!G:G,68,veri!H:H,17) -> 0 | I47: =COUNTIFS(veri!G:G,68,veri!H:H,18) -> 0 | J47: =COUNTIFS(veri!G:G,68,veri!H:H,19) -> 0 | K47: =COUNTIFS(veri!G:G,68,veri!H:H,20) -> 0 | L47: =COUNTIFS(veri!G:G,68,veri!H:H,21) -> 0 | M47: =COUNTIFS(veri!G:G,68,veri!H:H,22) -> 0 | N47: =COUNTIFS(veri!G:G,68,veri!H:H,31) -> 0 | O47: =COUNTIFS(veri!G:G,68,veri!H:H,32) -> 0 | P47: =COUNTIFS(veri!G:G,68,veri!H:H,33) -> 0 | Q47: =COUNTIFS(veri!G:G,68,veri!H:H,34) -> 0 | R47: =COUNTIFS(veri!G:G,68,veri!H:H,35) -> 0 | S47: =COUNTIFS(veri!G:G,68,veri!H:H,36) -> 0 | T47: =COUNTIFS(veri!G:G,68,veri!H:H,37) -> 0 | U47: =COUNTIFS(veri!G:G,68,veri!H:H,38) -> 0 | V47: =COUNTIFS(veri!G:G,68,veri!H:H,39) -> 0 | W47: =COUNTIFS(veri!G:G,68,veri!H:H,40) -> 0 | X47: =COUNTIFS(veri!G:G,68,veri!H:H,41) -> 0 | Y47: =COUNTIFS(veri!G:G,68,veri!H:H,42) -> 0 | Z47: =SUM(B47:Y47) -> 0
A48: 69: BOYACI | B48: =COUNTIFS(veri!G:G,69,veri!H:H,11) -> 0 | C48: =COUNTIFS(veri!G:G,69,veri!H:H,12) -> 0 | D48: =COUNTIFS(veri!G:G,69,veri!H:H,13) -> 0 | E48: =COUNTIFS(veri!G:G,69,veri!H:H,14) -> 0 | F48: =COUNTIFS(veri!G:G,69,veri!H:H,15) -> 0 | G48: =COUNTIFS(veri!G:G,69,veri!H:H,16) -> 0 | H48: =COUNTIFS(veri!G:G,69,veri!H:H,17) -> 0 | I48: =COUNTIFS(veri!G:G,69,veri!H:H,18) -> 0 | J48: =COUNTIFS(veri!G:G,69,veri!H:H,19) -> 0 | K48: =COUNTIFS(veri!G:G,69,veri!H:H,20) -> 0 | L48: =COUNTIFS(veri!G:G,69,veri!H:H,21) -> 0 | M48: =COUNTIFS(veri!G:G,69,veri!H:H,22) -> 0 | N48: =COUNTIFS(veri!G:G,69,veri!H:H,31) -> 0 | O48: =COUNTIFS(veri!G:G,69,veri!H:H,32) -> 0 | P48: =COUNTIFS(veri!G:G,69,veri!H:H,33) -> 0 | Q48: =COUNTIFS(veri!G:G,69,veri!H:H,34) -> 0 | R48: =COUNTIFS(veri!G:G,69,veri!H:H,35) -> 0 | S48: =COUNTIFS(veri!G:G,69,veri!H:H,36) -> 0 | T48: =COUNTIFS(veri!G:G,69,veri!H:H,37) -> 0 | U48: =COUNTIFS(veri!G:G,69,veri!H:H,38) -> 0 | V48: =COUNTIFS(veri!G:G,69,veri!H:H,39) -> 0 | W48: =COUNTIFS(veri!G:G,69,veri!H:H,40) -> 0 | X48: =COUNTIFS(veri!G:G,69,veri!H:H,41) -> 0 | Y48: =COUNTIFS(veri!G:G,69,veri!H:H,42) -> 0 | Z48: =SUM(B48:Y48) -> 0
A49: 70: DÖKÜMHANECİ | B49: =COUNTIFS(veri!G:G,70,veri!H:H,11) -> 0 | C49: =COUNTIFS(veri!G:G,70,veri!H:H,12) -> 0 | D49: =COUNTIFS(veri!G:G,70,veri!H:H,13) -> 0 | E49: =COUNTIFS(veri!G:G,70,veri!H:H,14) -> 0 | F49: =COUNTIFS(veri!G:G,70,veri!H:H,15) -> 0 | G49: =COUNTIFS(veri!G:G,70,veri!H:H,16) -> 0 | H49: =COUNTIFS(veri!G:G,70,veri!H:H,17) -> 0 | I49: =COUNTIFS(veri!G:G,70,veri!H:H,18) -> 0 | J49: =COUNTIFS(veri!G:G,70,veri!H:H,19) -> 0 | K49: =COUNTIFS(veri!G:G,70,veri!H:H,20) -> 0 | L49: =COUNTIFS(veri!G:G,70,veri!H:H,21) -> 0 | M49: =COUNTIFS(veri!G:G,70,veri!H:H,22) -> 0 | N49: =COUNTIFS(veri!G:G,70,veri!H:H,31) -> 0 | O49: =COUNTIFS(veri!G:G,70,veri!H:H,32) -> 0 | P49: =COUNTIFS(veri!G:G,70,veri!H:H,33) -> 2 | Q49: =COUNTIFS(veri!G:G,70,veri!H:H,34) -> 0 | R49: =COUNTIFS(veri!G:G,70,veri!H:H,35) -> 0 | S49: =COUNTIFS(veri!G:G,70,veri!H:H,36) -> 0 | T49: =COUNTIFS(veri!G:G,70,veri!H:H,37) -> 0 | U49: =COUNTIFS(veri!G:G,70,veri!H:H,38) -> 0 | V49: =COUNTIFS(veri!G:G,70,veri!H:H,39) -> 0 | W49: =COUNTIFS(veri!G:G,70,veri!H:H,40) -> 0 | X49: =COUNTIFS(veri!G:G,70,veri!H:H,41) -> 0 | Y49: =COUNTIFS(veri!G:G,70,veri!H:H,42) -> 0 | Z49: =SUM(B49:Y49) -> 2
A50: 71: LABORATUVARCI | B50: =COUNTIFS(veri!G:G,71,veri!H:H,11) -> 0 | C50: =COUNTIFS(veri!G:G,71,veri!H:H,12) -> 0 | D50: =COUNTIFS(veri!G:G,71,veri!H:H,13) -> 0 | E50: =COUNTIFS(veri!G:G,71,veri!H:H,14) -> 0 | F50: =COUNTIFS(veri!G:G,71,veri!H:H,15) -> 0 | G50: =COUNTIFS(veri!G:G,71,veri!H:H,16) -> 0 | H50: =COUNTIFS(veri!G:G,71,veri!H:H,17) -> 0 | I50: =COUNTIFS(veri!G:G,71,veri!H:H,18) -> 0 | J50: =COUNTIFS(veri!G:G,71,veri!H:H,19) -> 0 | K50: =COUNTIFS(veri!G:G,71,veri!H:H,20) -> 0 | L50: =COUNTIFS(veri!G:G,71,veri!H:H,21) -> 0 | M50: =COUNTIFS(veri!G:G,71,veri!H:H,22) -> 0 | N50: =COUNTIFS(veri!G:G,71,veri!H:H,31) -> 0 | O50: =COUNTIFS(veri!G:G,71,veri!H:H,32) -> 0 | P50: =COUNTIFS(veri!G:G,71,veri!H:H,33) -> 0 | Q50: =COUNTIFS(veri!G:G,71,veri!H:H,34) -> 0 | R50: =COUNTIFS(veri!G:G,71,veri!H:H,35) -> 0 | S50: =COUNTIFS(veri!G:G,71,veri!H:H,36) -> 0 | T50: =COUNTIFS(veri!G:G,71,veri!H:H,37) -> 0 | U50: =COUNTIFS(veri!G:G,71,veri!H:H,38) -> 0 | V50: =COUNTIFS(veri!G:G,71,veri!H:H,39) -> 0 | W50: =COUNTIFS(veri!G:G,71,veri!H:H,40) -> 0 | X50: =COUNTIFS(veri!G:G,71,veri!H:H,41) -> 0 | Y50: =COUNTIFS(veri!G:G,71,veri!H:H,42) -> 0 | Z50: =SUM(B50:Y50) -> 0
A51: 72: KANTAR OP. | B51: =COUNTIFS(veri!G:G,72,veri!H:H,11) -> 0 | C51: =COUNTIFS(veri!G:G,72,veri!H:H,12) -> 0 | D51: =COUNTIFS(veri!G:G,72,veri!H:H,13) -> 0 | E51: =COUNTIFS(veri!G:G,72,veri!H:H,14) -> 0 | F51: =COUNTIFS(veri!G:G,72,veri!H:H,15) -> 0 | G51: =COUNTIFS(veri!G:G,72,veri!H:H,16) -> 0 | H51: =COUNTIFS(veri!G:G,72,veri!H:H,17) -> 0 | I51: =COUNTIFS(veri!G:G,72,veri!H:H,18) -> 0 | J51: =COUNTIFS(veri!G:G,72,veri!H:H,19) -> 0 | K51: =COUNTIFS(veri!G:G,72,veri!H:H,20) -> 0 | L51: =COUNTIFS(veri!G:G,72,veri!H:H,21) -> 0 | M51: =COUNTIFS(veri!G:G,72,veri!H:H,22) -> 0 | N51: =COUNTIFS(veri!G:G,72,veri!H:H,31) -> 0 | O51: =COUNTIFS(veri!G:G,72,veri!H:H,32) -> 0 | P51: =COUNTIFS(veri!G:G,72,veri!H:H,33) -> 0 | Q51: =COUNTIFS(veri!G:G,72,veri!H:H,34) -> 0 | R51: =COUNTIFS(veri!G:G,72,veri!H:H,35) -> 0 | S51: =COUNTIFS(veri!G:G,72,veri!H:H,36) -> 0 | T51: =COUNTIFS(veri!G:G,72,veri!H:H,37) -> 0 | U51: =COUNTIFS(veri!G:G,72,veri!H:H,38) -> 0 | V51: =COUNTIFS(veri!G:G,72,veri!H:H,39) -> 0 | W51: =COUNTIFS(veri!G:G,72,veri!H:H,40) -> 0 | X51: =COUNTIFS(veri!G:G,72,veri!H:H,41) -> 0 | Y51: =COUNTIFS(veri!G:G,72,veri!H:H,42) -> 0 | Z51: =SUM(B51:Y51) -> 0
A52: 73: STOK MEMURU | B52: =COUNTIFS(veri!G:G,73,veri!H:H,11) -> 0 | C52: =COUNTIFS(veri!G:G,73,veri!H:H,12) -> 0 | D52: =COUNTIFS(veri!G:G,73,veri!H:H,13) -> 0 | E52: =COUNTIFS(veri!G:G,73,veri!H:H,14) -> 0 | F52: =COUNTIFS(veri!G:G,73,veri!H:H,15) -> 0 | G52: =COUNTIFS(veri!G:G,73,veri!H:H,16) -> 0 | H52: =COUNTIFS(veri!G:G,73,veri!H:H,17) -> 0 | I52: =COUNTIFS(veri!G:G,73,veri!H:H,18) -> 0 | J52: =COUNTIFS(veri!G:G,73,veri!H:H,19) -> 0 | K52: =COUNTIFS(veri!G:G,73,veri!H:H,20) -> 0 | L52: =COUNTIFS(veri!G:G,73,veri!H:H,21) -> 0 | M52: =COUNTIFS(veri!G:G,73,veri!H:H,22) -> 0 | N52: =COUNTIFS(veri!G:G,73,veri!H:H,31) -> 0 | O52: =COUNTIFS(veri!G:G,73,veri!H:H,32) -> 0 | P52: =COUNTIFS(veri!G:G,73,veri!H:H,33) -> 0 | Q52: =COUNTIFS(veri!G:G,73,veri!H:H,34) -> 0 | R52: =COUNTIFS(veri!G:G,73,veri!H:H,35) -> 0 | S52: =COUNTIFS(veri!G:G,73,veri!H:H,36) -> 0 | T52: =COUNTIFS(veri!G:G,73,veri!H:H,37) -> 0 | U52: =COUNTIFS(veri!G:G,73,veri!H:H,38) -> 0 | V52: =COUNTIFS(veri!G:G,73,veri!H:H,39) -> 0 | W52: =COUNTIFS(veri!G:G,73,veri!H:H,40) -> 0 | X52: =COUNTIFS(veri!G:G,73,veri!H:H,41) -> 0 | Y52: =COUNTIFS(veri!G:G,73,veri!H:H,42) -> 0 | Z52: =SUM(B52:Y52) -> 0
A53: 74: İDARİ BÜRO | B53: =COUNTIFS(veri!G:G,74,veri!H:H,11) -> 0 | C53: =COUNTIFS(veri!G:G,74,veri!H:H,12) -> 0 | D53: =COUNTIFS(veri!G:G,74,veri!H:H,13) -> 0 | E53: =COUNTIFS(veri!G:G,74,veri!H:H,14) -> 0 | F53: =COUNTIFS(veri!G:G,74,veri!H:H,15) -> 0 | G53: =COUNTIFS(veri!G:G,74,veri!H:H,16) -> 0 | H53: =COUNTIFS(veri!G:G,74,veri!H:H,17) -> 0 | I53: =COUNTIFS(veri!G:G,74,veri!H:H,18) -> 0 | J53: =COUNTIFS(veri!G:G,74,veri!H:H,19) -> 0 | K53: =COUNTIFS(veri!G:G,74,veri!H:H,20) -> 0 | L53: =COUNTIFS(veri!G:G,74,veri!H:H,21) -> 0 | M53: =COUNTIFS(veri!G:G,74,veri!H:H,22) -> 0 | N53: =COUNTIFS(veri!G:G,74,veri!H:H,31) -> 0 | O53: =COUNTIFS(veri!G:G,74,veri!H:H,32) -> 0 | P53: =COUNTIFS(veri!G:G,74,veri!H:H,33) -> 0 | Q53: =COUNTIFS(veri!G:G,74,veri!H:H,34) -> 0 | R53: =COUNTIFS(veri!G:G,74,veri!H:H,35) -> 0 | S53: =COUNTIFS(veri!G:G,74,veri!H:H,36) -> 0 | T53: =COUNTIFS(veri!G:G,74,veri!H:H,37) -> 0 | U53: =COUNTIFS(veri!G:G,74,veri!H:H,38) -> 0 | V53: =COUNTIFS(veri!G:G,74,veri!H:H,39) -> 0 | W53: =COUNTIFS(veri!G:G,74,veri!H:H,40) -> 0 | X53: =COUNTIFS(veri!G:G,74,veri!H:H,41) -> 0 | Y53: =COUNTIFS(veri!G:G,74,veri!H:H,42) -> 0 | Z53: =SUM(B53:Y53) -> 0
A54: 75: MUHASEBECİ | B54: =COUNTIFS(veri!G:G,75,veri!H:H,11) -> 0 | C54: =COUNTIFS(veri!G:G,75,veri!H:H,12) -> 0 | D54: =COUNTIFS(veri!G:G,75,veri!H:H,13) -> 0 | E54: =COUNTIFS(veri!G:G,75,veri!H:H,14) -> 0 | F54: =COUNTIFS(veri!G:G,75,veri!H:H,15) -> 0 | G54: =COUNTIFS(veri!G:G,75,veri!H:H,16) -> 0 | H54: =COUNTIFS(veri!G:G,75,veri!H:H,17) -> 0 | I54: =COUNTIFS(veri!G:G,75,veri!H:H,18) -> 0 | J54: =COUNTIFS(veri!G:G,75,veri!H:H,19) -> 0 | K54: =COUNTIFS(veri!G:G,75,veri!H:H,20) -> 0 | L54: =COUNTIFS(veri!G:G,75,veri!H:H,21) -> 0 | M54: =COUNTIFS(veri!G:G,75,veri!H:H,22) -> 0 | N54: =COUNTIFS(veri!G:G,75,veri!H:H,31) -> 0 | O54: =COUNTIFS(veri!G:G,75,veri!H:H,32) -> 0 | P54: =COUNTIFS(veri!G:G,75,veri!H:H,33) -> 0 | Q54: =COUNTIFS(veri!G:G,75,veri!H:H,34) -> 0 | R54: =COUNTIFS(veri!G:G,75,veri!H:H,35) -> 0 | S54: =COUNTIFS(veri!G:G,75,veri!H:H,36) -> 0 | T54: =COUNTIFS(veri!G:G,75,veri!H:H,37) -> 0 | U54: =COUNTIFS(veri!G:G,75,veri!H:H,38) -> 0 | V54: =COUNTIFS(veri!G:G,75,veri!H:H,39) -> 0 | W54: =COUNTIFS(veri!G:G,75,veri!H:H,40) -> 0 | X54: =COUNTIFS(veri!G:G,75,veri!H:H,41) -> 0 | Y54: =COUNTIFS(veri!G:G,75,veri!H:H,42) -> 0 | Z54: =SUM(B54:Y54) -> 0
A55: 76: BİLGİ İŞLEM | B55: =COUNTIFS(veri!G:G,76,veri!H:H,11) -> 0 | C55: =COUNTIFS(veri!G:G,76,veri!H:H,12) -> 0 | D55: =COUNTIFS(veri!G:G,76,veri!H:H,13) -> 0 | E55: =COUNTIFS(veri!G:G,76,veri!H:H,14) -> 0 | F55: =COUNTIFS(veri!G:G,76,veri!H:H,15) -> 0 | G55: =COUNTIFS(veri!G:G,76,veri!H:H,16) -> 0 | H55: =COUNTIFS(veri!G:G,76,veri!H:H,17) -> 0 | I55: =COUNTIFS(veri!G:G,76,veri!H:H,18) -> 0 | J55: =COUNTIFS(veri!G:G,76,veri!H:H,19) -> 0 | K55: =COUNTIFS(veri!G:G,76,veri!H:H,20) -> 0 | L55: =COUNTIFS(veri!G:G,76,veri!H:H,21) -> 0 | M55: =COUNTIFS(veri!G:G,76,veri!H:H,22) -> 0 | N55: =COUNTIFS(veri!G:G,76,veri!H:H,31) -> 0 | O55: =COUNTIFS(veri!G:G,76,veri!H:H,32) -> 0 | P55: =COUNTIFS(veri!G:G,76,veri!H:H,33) -> 0 | Q55: =COUNTIFS(veri!G:G,76,veri!H:H,34) -> 0 | R55: =COUNTIFS(veri!G:G,76,veri!H:H,35) -> 0 | S55: =COUNTIFS(veri!G:G,76,veri!H:H,36) -> 0 | T55: =COUNTIFS(veri!G:G,76,veri!H:H,37) -> 0 | U55: =COUNTIFS(veri!G:G,76,veri!H:H,38) -> 0 | V55: =COUNTIFS(veri!G:G,76,veri!H:H,39) -> 0 | W55: =COUNTIFS(veri!G:G,76,veri!H:H,40) -> 0 | X55: =COUNTIFS(veri!G:G,76,veri!H:H,41) -> 0 | Y55: =COUNTIFS(veri!G:G,76,veri!H:H,42) -> 0 | Z55: =SUM(B55:Y55) -> 0
A56: 77: İNSAN KAYNAKLARI | B56: =COUNTIFS(veri!G:G,77,veri!H:H,11) -> 0 | C56: =COUNTIFS(veri!G:G,77,veri!H:H,12) -> 0 | D56: =COUNTIFS(veri!G:G,77,veri!H:H,13) -> 0 | E56: =COUNTIFS(veri!G:G,77,veri!H:H,14) -> 0 | F56: =COUNTIFS(veri!G:G,77,veri!H:H,15) -> 0 | G56: =COUNTIFS(veri!G:G,77,veri!H:H,16) -> 0 | H56: =COUNTIFS(veri!G:G,77,veri!H:H,17) -> 0 | I56: =COUNTIFS(veri!G:G,77,veri!H:H,18) -> 0 | J56: =COUNTIFS(veri!G:G,77,veri!H:H,19) -> 0 | K56: =COUNTIFS(veri!G:G,77,veri!H:H,20) -> 0 | L56: =COUNTIFS(veri!G:G,77,veri!H:H,21) -> 0 | M56: =COUNTIFS(veri!G:G,77,veri!H:H,22) -> 0 | N56: =COUNTIFS(veri!G:G,77,veri!H:H,31) -> 0 | O56: =COUNTIFS(veri!G:G,77,veri!H:H,32) -> 0 | P56: =COUNTIFS(veri!G:G,77,veri!H:H,33) -> 0 | Q56: =COUNTIFS(veri!G:G,77,veri!H:H,34) -> 0 | R56: =COUNTIFS(veri!G:G,77,veri!H:H,35) -> 0 | S56: =COUNTIFS(veri!G:G,77,veri!H:H,36) -> 0 | T56: =COUNTIFS(veri!G:G,77,veri!H:H,37) -> 0 | U56: =COUNTIFS(veri!G:G,77,veri!H:H,38) -> 0 | V56: =COUNTIFS(veri!G:G,77,veri!H:H,39) -> 0 | W56: =COUNTIFS(veri!G:G,77,veri!H:H,40) -> 0 | X56: =COUNTIFS(veri!G:G,77,veri!H:H,41) -> 0 | Y56: =COUNTIFS(veri!G:G,77,veri!H:H,42) -> 0 | Z56: =SUM(B56:Y56) -> 0
A57: 78: SATIN ALMA | B57: =COUNTIFS(veri!G:G,78,veri!H:H,11) -> 0 | C57: =COUNTIFS(veri!G:G,78,veri!H:H,12) -> 0 | D57: =COUNTIFS(veri!G:G,78,veri!H:H,13) -> 0 | E57: =COUNTIFS(veri!G:G,78,veri!H:H,14) -> 0 | F57: =COUNTIFS(veri!G:G,78,veri!H:H,15) -> 0 | G57: =COUNTIFS(veri!G:G,78,veri!H:H,16) -> 0 | H57: =COUNTIFS(veri!G:G,78,veri!H:H,17) -> 0 | I57: =COUNTIFS(veri!G:G,78,veri!H:H,18) -> 0 | J57: =COUNTIFS(veri!G:G,78,veri!H:H,19) -> 0 | K57: =COUNTIFS(veri!G:G,78,veri!H:H,20) -> 0 | L57: =COUNTIFS(veri!G:G,78,veri!H:H,21) -> 0 | M57: =COUNTIFS(veri!G:G,78,veri!H:H,22) -> 0 | N57: =COUNTIFS(veri!G:G,78,veri!H:H,31) -> 0 | O57: =COUNTIFS(veri!G:G,78,veri!H:H,32) -> 0 | P57: =COUNTIFS(veri!G:G,78,veri!H:H,33) -> 0 | Q57: =COUNTIFS(veri!G:G,78,veri!H:H,34) -> 0 | R57: =COUNTIFS(veri!G:G,78,veri!H:H,35) -> 0 | S57: =COUNTIFS(veri!G:G,78,veri!H:H,36) -> 0 | T57: =COUNTIFS(veri!G:G,78,veri!H:H,37) -> 0 | U57: =COUNTIFS(veri!G:G,78,veri!H:H,38) -> 0 | V57: =COUNTIFS(veri!G:G,78,veri!H:H,39) -> 0 | W57: =COUNTIFS(veri!G:G,78,veri!H:H,40) -> 0 | X57: =COUNTIFS(veri!G:G,78,veri!H:H,41) -> 0 | Y57: =COUNTIFS(veri!G:G,78,veri!H:H,42) -> 0 | Z57: =SUM(B57:Y57) -> 0
A58: 79: ŞOFÖR (SERVİS) | B58: =COUNTIFS(veri!G:G,79,veri!H:H,11) -> 0 | C58: =COUNTIFS(veri!G:G,79,veri!H:H,12) -> 0 | D58: =COUNTIFS(veri!G:G,79,veri!H:H,13) -> 0 | E58: =COUNTIFS(veri!G:G,79,veri!H:H,14) -> 0 | F58: =COUNTIFS(veri!G:G,79,veri!H:H,15) -> 0 | G58: =COUNTIFS(veri!G:G,79,veri!H:H,16) -> 0 | H58: =COUNTIFS(veri!G:G,79,veri!H:H,17) -> 0 | I58: =COUNTIFS(veri!G:G,79,veri!H:H,18) -> 0 | J58: =COUNTIFS(veri!G:G,79,veri!H:H,19) -> 0 | K58: =COUNTIFS(veri!G:G,79,veri!H:H,20) -> 0 | L58: =COUNTIFS(veri!G:G,79,veri!H:H,21) -> 0 | M58: =COUNTIFS(veri!G:G,79,veri!H:H,22) -> 0 | N58: =COUNTIFS(veri!G:G,79,veri!H:H,31) -> 0 | O58: =COUNTIFS(veri!G:G,79,veri!H:H,32) -> 0 | P58: =COUNTIFS(veri!G:G,79,veri!H:H,33) -> 0 | Q58: =COUNTIFS(veri!G:G,79,veri!H:H,34) -> 0 | R58: =COUNTIFS(veri!G:G,79,veri!H:H,35) -> 0 | S58: =COUNTIFS(veri!G:G,79,veri!H:H,36) -> 0 | T58: =COUNTIFS(veri!G:G,79,veri!H:H,37) -> 0 | U58: =COUNTIFS(veri!G:G,79,veri!H:H,38) -> 0 | V58: =COUNTIFS(veri!G:G,79,veri!H:H,39) -> 0 | W58: =COUNTIFS(veri!G:G,79,veri!H:H,40) -> 0 | X58: =COUNTIFS(veri!G:G,79,veri!H:H,41) -> 0 | Y58: =COUNTIFS(veri!G:G,79,veri!H:H,42) -> 0 | Z58: =SUM(B58:Y58) -> 0
A59: 80: ŞOFÖR (KAMYON) | B59: =COUNTIFS(veri!G:G,80,veri!H:H,11) -> 0 | C59: =COUNTIFS(veri!G:G,80,veri!H:H,12) -> 0 | D59: =COUNTIFS(veri!G:G,80,veri!H:H,13) -> 0 | E59: =COUNTIFS(veri!G:G,80,veri!H:H,14) -> 0 | F59: =COUNTIFS(veri!G:G,80,veri!H:H,15) -> 0 | G59: =COUNTIFS(veri!G:G,80,veri!H:H,16) -> 0 | H59: =COUNTIFS(veri!G:G,80,veri!H:H,17) -> 0 | I59: =COUNTIFS(veri!G:G,80,veri!H:H,18) -> 0 | J59: =COUNTIFS(veri!G:G,80,veri!H:H,19) -> 0 | K59: =COUNTIFS(veri!G:G,80,veri!H:H,20) -> 0 | L59: =COUNTIFS(veri!G:G,80,veri!H:H,21) -> 0 | M59: =COUNTIFS(veri!G:G,80,veri!H:H,22) -> 0 | N59: =COUNTIFS(veri!G:G,80,veri!H:H,31) -> 0 | O59: =COUNTIFS(veri!G:G,80,veri!H:H,32) -> 0 | P59: =COUNTIFS(veri!G:G,80,veri!H:H,33) -> 0 | Q59: =COUNTIFS(veri!G:G,80,veri!H:H,34) -> 0 | R59: =COUNTIFS(veri!G:G,80,veri!H:H,35) -> 0 | S59: =COUNTIFS(veri!G:G,80,veri!H:H,36) -> 0 | T59: =COUNTIFS(veri!G:G,80,veri!H:H,37) -> 0 | U59: =COUNTIFS(veri!G:G,80,veri!H:H,38) -> 0 | V59: =COUNTIFS(veri!G:G,80,veri!H:H,39) -> 0 | W59: =COUNTIFS(veri!G:G,80,veri!H:H,40) -> 0 | X59: =COUNTIFS(veri!G:G,80,veri!H:H,41) -> 0 | Y59: =COUNTIFS(veri!G:G,80,veri!H:H,42) -> 0 | Z59: =SUM(B59:Y59) -> 0
A60: 81: AMBULANS ŞOF. | B60: =COUNTIFS(veri!G:G,81,veri!H:H,11) -> 0 | C60: =COUNTIFS(veri!G:G,81,veri!H:H,12) -> 0 | D60: =COUNTIFS(veri!G:G,81,veri!H:H,13) -> 0 | E60: =COUNTIFS(veri!G:G,81,veri!H:H,14) -> 0 | F60: =COUNTIFS(veri!G:G,81,veri!H:H,15) -> 0 | G60: =COUNTIFS(veri!G:G,81,veri!H:H,16) -> 0 | H60: =COUNTIFS(veri!G:G,81,veri!H:H,17) -> 0 | I60: =COUNTIFS(veri!G:G,81,veri!H:H,18) -> 0 | J60: =COUNTIFS(veri!G:G,81,veri!H:H,19) -> 0 | K60: =COUNTIFS(veri!G:G,81,veri!H:H,20) -> 0 | L60: =COUNTIFS(veri!G:G,81,veri!H:H,21) -> 0 | M60: =COUNTIFS(veri!G:G,81,veri!H:H,22) -> 0 | N60: =COUNTIFS(veri!G:G,81,veri!H:H,31) -> 0 | O60: =COUNTIFS(veri!G:G,81,veri!H:H,32) -> 0 | P60: =COUNTIFS(veri!G:G,81,veri!H:H,33) -> 0 | Q60: =COUNTIFS(veri!G:G,81,veri!H:H,34) -> 0 | R60: =COUNTIFS(veri!G:G,81,veri!H:H,35) -> 0 | S60: =COUNTIFS(veri!G:G,81,veri!H:H,36) -> 0 | T60: =COUNTIFS(veri!G:G,81,veri!H:H,37) -> 0 | U60: =COUNTIFS(veri!G:G,81,veri!H:H,38) -> 0 | V60: =COUNTIFS(veri!G:G,81,veri!H:H,39) -> 0 | W60: =COUNTIFS(veri!G:G,81,veri!H:H,40) -> 0 | X60: =COUNTIFS(veri!G:G,81,veri!H:H,41) -> 0 | Y60: =COUNTIFS(veri!G:G,81,veri!H:H,42) -> 0 | Z60: =SUM(B60:Y60) -> 0
A61: 82: İTFAİYECİ | B61: =COUNTIFS(veri!G:G,82,veri!H:H,11) -> 0 | C61: =COUNTIFS(veri!G:G,82,veri!H:H,12) -> 0 | D61: =COUNTIFS(veri!G:G,82,veri!H:H,13) -> 0 | E61: =COUNTIFS(veri!G:G,82,veri!H:H,14) -> 0 | F61: =COUNTIFS(veri!G:G,82,veri!H:H,15) -> 0 | G61: =COUNTIFS(veri!G:G,82,veri!H:H,16) -> 0 | H61: =COUNTIFS(veri!G:G,82,veri!H:H,17) -> 0 | I61: =COUNTIFS(veri!G:G,82,veri!H:H,18) -> 0 | J61: =COUNTIFS(veri!G:G,82,veri!H:H,19) -> 0 | K61: =COUNTIFS(veri!G:G,82,veri!H:H,20) -> 0 | L61: =COUNTIFS(veri!G:G,82,veri!H:H,21) -> 0 | M61: =COUNTIFS(veri!G:G,82,veri!H:H,22) -> 0 | N61: =COUNTIFS(veri!G:G,82,veri!H:H,31) -> 0 | O61: =COUNTIFS(veri!G:G,82,veri!H:H,32) -> 0 | P61: =COUNTIFS(veri!G:G,82,veri!H:H,33) -> 0 | Q61: =COUNTIFS(veri!G:G,82,veri!H:H,34) -> 0 | R61: =COUNTIFS(veri!G:G,82,veri!H:H,35) -> 0 | S61: =COUNTIFS(veri!G:G,82,veri!H:H,36) -> 0 | T61: =COUNTIFS(veri!G:G,82,veri!H:H,37) -> 0 | U61: =COUNTIFS(veri!G:G,82,veri!H:H,38) -> 0 | V61: =COUNTIFS(veri!G:G,82,veri!H:H,39) -> 0 | W61: =COUNTIFS(veri!G:G,82,veri!H:H,40) -> 0 | X61: =COUNTIFS(veri!G:G,82,veri!H:H,41) -> 0 | Y61: =COUNTIFS(veri!G:G,82,veri!H:H,42) -> 0 | Z61: =SUM(B61:Y61) -> 0
A62: 83: GÜVENLİK | B62: =COUNTIFS(veri!G:G,83,veri!H:H,11) -> 0 | C62: =COUNTIFS(veri!G:G,83,veri!H:H,12) -> 0 | D62: =COUNTIFS(veri!G:G,83,veri!H:H,13) -> 0 | E62: =COUNTIFS(veri!G:G,83,veri!H:H,14) -> 0 | F62: =COUNTIFS(veri!G:G,83,veri!H:H,15) -> 0 | G62: =COUNTIFS(veri!G:G,83,veri!H:H,16) -> 0 | H62: =COUNTIFS(veri!G:G,83,veri!H:H,17) -> 0 | I62: =COUNTIFS(veri!G:G,83,veri!H:H,18) -> 0 | J62: =COUNTIFS(veri!G:G,83,veri!H:H,19) -> 0 | K62: =COUNTIFS(veri!G:G,83,veri!H:H,20) -> 0 | L62: =COUNTIFS(veri!G:G,83,veri!H:H,21) -> 0 | M62: =COUNTIFS(veri!G:G,83,veri!H:H,22) -> 0 | N62: =COUNTIFS(veri!G:G,83,veri!H:H,31) -> 0 | O62: =COUNTIFS(veri!G:G,83,veri!H:H,32) -> 0 | P62: =COUNTIFS(veri!G:G,83,veri!H:H,33) -> 0 | Q62: =COUNTIFS(veri!G:G,83,veri!H:H,34) -> 0 | R62: =COUNTIFS(veri!G:G,83,veri!H:H,35) -> 0 | S62: =COUNTIFS(veri!G:G,83,veri!H:H,36) -> 0 | T62: =COUNTIFS(veri!G:G,83,veri!H:H,37) -> 0 | U62: =COUNTIFS(veri!G:G,83,veri!H:H,38) -> 0 | V62: =COUNTIFS(veri!G:G,83,veri!H:H,39) -> 0 | W62: =COUNTIFS(veri!G:G,83,veri!H:H,40) -> 0 | X62: =COUNTIFS(veri!G:G,83,veri!H:H,41) -> 0 | Y62: =COUNTIFS(veri!G:G,83,veri!H:H,42) -> 0 | Z62: =SUM(B62:Y62) -> 0
A63: 84: AŞCİ | B63: =COUNTIFS(veri!G:G,84,veri!H:H,11) -> 0 | C63: =COUNTIFS(veri!G:G,84,veri!H:H,12) -> 0 | D63: =COUNTIFS(veri!G:G,84,veri!H:H,13) -> 0 | E63: =COUNTIFS(veri!G:G,84,veri!H:H,14) -> 0 | F63: =COUNTIFS(veri!G:G,84,veri!H:H,15) -> 0 | G63: =COUNTIFS(veri!G:G,84,veri!H:H,16) -> 0 | H63: =COUNTIFS(veri!G:G,84,veri!H:H,17) -> 0 | I63: =COUNTIFS(veri!G:G,84,veri!H:H,18) -> 0 | J63: =COUNTIFS(veri!G:G,84,veri!H:H,19) -> 0 | K63: =COUNTIFS(veri!G:G,84,veri!H:H,20) -> 0 | L63: =COUNTIFS(veri!G:G,84,veri!H:H,21) -> 0 | M63: =COUNTIFS(veri!G:G,84,veri!H:H,22) -> 0 | N63: =COUNTIFS(veri!G:G,84,veri!H:H,31) -> 0 | O63: =COUNTIFS(veri!G:G,84,veri!H:H,32) -> 0 | P63: =COUNTIFS(veri!G:G,84,veri!H:H,33) -> 0 | Q63: =COUNTIFS(veri!G:G,84,veri!H:H,34) -> 0 | R63: =COUNTIFS(veri!G:G,84,veri!H:H,35) -> 0 | S63: =COUNTIFS(veri!G:G,84,veri!H:H,36) -> 0 | T63: =COUNTIFS(veri!G:G,84,veri!H:H,37) -> 0 | U63: =COUNTIFS(veri!G:G,84,veri!H:H,38) -> 0 | V63: =COUNTIFS(veri!G:G,84,veri!H:H,39) -> 0 | W63: =COUNTIFS(veri!G:G,84,veri!H:H,40) -> 0 | X63: =COUNTIFS(veri!G:G,84,veri!H:H,41) -> 0 | Y63: =COUNTIFS(veri!G:G,84,veri!H:H,42) -> 0 | Z63: =SUM(B63:Y63) -> 0
A64: 85: GARSON | B64: =COUNTIFS(veri!G:G,85,veri!H:H,11) -> 0 | C64: =COUNTIFS(veri!G:G,85,veri!H:H,12) -> 0 | D64: =COUNTIFS(veri!G:G,85,veri!H:H,13) -> 0 | E64: =COUNTIFS(veri!G:G,85,veri!H:H,14) -> 0 | F64: =COUNTIFS(veri!G:G,85,veri!H:H,15) -> 0 | G64: =COUNTIFS(veri!G:G,85,veri!H:H,16) -> 0 | H64: =COUNTIFS(veri!G:G,85,veri!H:H,17) -> 0 | I64: =COUNTIFS(veri!G:G,85,veri!H:H,18) -> 0 | J64: =COUNTIFS(veri!G:G,85,veri!H:H,19) -> 0 | K64: =COUNTIFS(veri!G:G,85,veri!H:H,20) -> 0 | L64: =COUNTIFS(veri!G:G,85,veri!H:H,21) -> 0 | M64: =COUNTIFS(veri!G:G,85,veri!H:H,22) -> 0 | N64: =COUNTIFS(veri!G:G,85,veri!H:H,31) -> 0 | O64: =COUNTIFS(veri!G:G,85,veri!H:H,32) -> 0 | P64: =COUNTIFS(veri!G:G,85,veri!H:H,33) -> 0 | Q64: =COUNTIFS(veri!G:G,85,veri!H:H,34) -> 0 | R64: =COUNTIFS(veri!G:G,85,veri!H:H,35) -> 0 | S64: =COUNTIFS(veri!G:G,85,veri!H:H,36) -> 0 | T64: =COUNTIFS(veri!G:G,85,veri!H:H,37) -> 0 | U64: =COUNTIFS(veri!G:G,85,veri!H:H,38) -> 0 | V64: =COUNTIFS(veri!G:G,85,veri!H:H,39) -> 0 | W64: =COUNTIFS(veri!G:G,85,veri!H:H,40) -> 0 | X64: =COUNTIFS(veri!G:G,85,veri!H:H,41) -> 0 | Y64: =COUNTIFS(veri!G:G,85,veri!H:H,42) -> 0 | Z64: =SUM(B64:Y64) -> 0
A65: 86: TEMİZLİK | B65: =COUNTIFS(veri!G:G,86,veri!H:H,11) -> 0 | C65: =COUNTIFS(veri!G:G,86,veri!H:H,12) -> 0 | D65: =COUNTIFS(veri!G:G,86,veri!H:H,13) -> 0 | E65: =COUNTIFS(veri!G:G,86,veri!H:H,14) -> 0 | F65: =COUNTIFS(veri!G:G,86,veri!H:H,15) -> 0 | G65: =COUNTIFS(veri!G:G,86,veri!H:H,16) -> 0 | H65: =COUNTIFS(veri!G:G,86,veri!H:H,17) -> 0 | I65: =COUNTIFS(veri!G:G,86,veri!H:H,18) -> 0 | J65: =COUNTIFS(veri!G:G,86,veri!H:H,19) -> 0 | K65: =COUNTIFS(veri!G:G,86,veri!H:H,20) -> 0 | L65: =COUNTIFS(veri!G:G,86,veri!H:H,21) -> 0 | M65: =COUNTIFS(veri!G:G,86,veri!H:H,22) -> 0 | N65: =COUNTIFS(veri!G:G,86,veri!H:H,31) -> 0 | O65: =COUNTIFS(veri!G:G,86,veri!H:H,32) -> 0 | P65: =COUNTIFS(veri!G:G,86,veri!H:H,33) -> 1 | Q65: =COUNTIFS(veri!G:G,86,veri!H:H,34) -> 0 | R65: =COUNTIFS(veri!G:G,86,veri!H:H,35) -> 0 | S65: =COUNTIFS(veri!G:G,86,veri!H:H,36) -> 0 | T65: =COUNTIFS(veri!G:G,86,veri!H:H,37) -> 0 | U65: =COUNTIFS(veri!G:G,86,veri!H:H,38) -> 0 | V65: =COUNTIFS(veri!G:G,86,veri!H:H,39) -> 0 | W65: =COUNTIFS(veri!G:G,86,veri!H:H,40) -> 0 | X65: =COUNTIFS(veri!G:G,86,veri!H:H,41) -> 0 | Y65: =COUNTIFS(veri!G:G,86,veri!H:H,42) -> 0 | Z65: =SUM(B65:Y65) -> 1
A66: 87: ÇAMAŞIRHANE | B66: =COUNTIFS(veri!G:G,87,veri!H:H,11) -> 0 | C66: =COUNTIFS(veri!G:G,87,veri!H:H,12) -> 0 | D66: =COUNTIFS(veri!G:G,87,veri!H:H,13) -> 0 | E66: =COUNTIFS(veri!G:G,87,veri!H:H,14) -> 0 | F66: =COUNTIFS(veri!G:G,87,veri!H:H,15) -> 0 | G66: =COUNTIFS(veri!G:G,87,veri!H:H,16) -> 0 | H66: =COUNTIFS(veri!G:G,87,veri!H:H,17) -> 0 | I66: =COUNTIFS(veri!G:G,87,veri!H:H,18) -> 0 | J66: =COUNTIFS(veri!G:G,87,veri!H:H,19) -> 0 | K66: =COUNTIFS(veri!G:G,87,veri!H:H,20) -> 0 | L66: =COUNTIFS(veri!G:G,87,veri!H:H,21) -> 0 | M66: =COUNTIFS(veri!G:G,87,veri!H:H,22) -> 0 | N66: =COUNTIFS(veri!G:G,87,veri!H:H,31) -> 0 | O66: =COUNTIFS(veri!G:G,87,veri!H:H,32) -> 0 | P66: =COUNTIFS(veri!G:G,87,veri!H:H,33) -> 0 | Q66: =COUNTIFS(veri!G:G,87,veri!H:H,34) -> 0 | R66: =COUNTIFS(veri!G:G,87,veri!H:H,35) -> 0 | S66: =COUNTIFS(veri!G:G,87,veri!H:H,36) -> 0 | T66: =COUNTIFS(veri!G:G,87,veri!H:H,37) -> 0 | U66: =COUNTIFS(veri!G:G,87,veri!H:H,38) -> 0 | V66: =COUNTIFS(veri!G:G,87,veri!H:H,39) -> 0 | W66: =COUNTIFS(veri!G:G,87,veri!H:H,40) -> 0 | X66: =COUNTIFS(veri!G:G,87,veri!H:H,41) -> 0 | Y66: =COUNTIFS(veri!G:G,87,veri!H:H,42) -> 0 | Z66: =SUM(B66:Y66) -> 0
A67: 88: BAHÇIVAN | B67: =COUNTIFS(veri!G:G,88,veri!H:H,11) -> 0 | C67: =COUNTIFS(veri!G:G,88,veri!H:H,12) -> 0 | D67: =COUNTIFS(veri!G:G,88,veri!H:H,13) -> 0 | E67: =COUNTIFS(veri!G:G,88,veri!H:H,14) -> 0 | F67: =COUNTIFS(veri!G:G,88,veri!H:H,15) -> 0 | G67: =COUNTIFS(veri!G:G,88,veri!H:H,16) -> 0 | H67: =COUNTIFS(veri!G:G,88,veri!H:H,17) -> 0 | I67: =COUNTIFS(veri!G:G,88,veri!H:H,18) -> 0 | J67: =COUNTIFS(veri!G:G,88,veri!H:H,19) -> 0 | K67: =COUNTIFS(veri!G:G,88,veri!H:H,20) -> 0 | L67: =COUNTIFS(veri!G:G,88,veri!H:H,21) -> 0 | M67: =COUNTIFS(veri!G:G,88,veri!H:H,22) -> 0 | N67: =COUNTIFS(veri!G:G,88,veri!H:H,31) -> 0 | O67: =COUNTIFS(veri!G:G,88,veri!H:H,32) -> 0 | P67: =COUNTIFS(veri!G:G,88,veri!H:H,33) -> 0 | Q67: =COUNTIFS(veri!G:G,88,veri!H:H,34) -> 0 | R67: =COUNTIFS(veri!G:G,88,veri!H:H,35) -> 0 | S67: =COUNTIFS(veri!G:G,88,veri!H:H,36) -> 0 | T67: =COUNTIFS(veri!G:G,88,veri!H:H,37) -> 0 | U67: =COUNTIFS(veri!G:G,88,veri!H:H,38) -> 0 | V67: =COUNTIFS(veri!G:G,88,veri!H:H,39) -> 0 | W67: =COUNTIFS(veri!G:G,88,veri!H:H,40) -> 0 | X67: =COUNTIFS(veri!G:G,88,veri!H:H,41) -> 0 | Y67: =COUNTIFS(veri!G:G,88,veri!H:H,42) -> 0 | Z67: =SUM(B67:Y67) -> 0
A68: 89: SAĞLIK PERSONELİ | B68: =COUNTIFS(veri!G:G,89,veri!H:H,11) -> 0 | C68: =COUNTIFS(veri!G:G,89,veri!H:H,12) -> 0 | D68: =COUNTIFS(veri!G:G,89,veri!H:H,13) -> 0 | E68: =COUNTIFS(veri!G:G,89,veri!H:H,14) -> 0 | F68: =COUNTIFS(veri!G:G,89,veri!H:H,15) -> 0 | G68: =COUNTIFS(veri!G:G,89,veri!H:H,16) -> 0 | H68: =COUNTIFS(veri!G:G,89,veri!H:H,17) -> 0 | I68: =COUNTIFS(veri!G:G,89,veri!H:H,18) -> 0 | J68: =COUNTIFS(veri!G:G,89,veri!H:H,19) -> 0 | K68: =COUNTIFS(veri!G:G,89,veri!H:H,20) -> 0 | L68: =COUNTIFS(veri!G:G,89,veri!H:H,21) -> 0 | M68: =COUNTIFS(veri!G:G,89,veri!H:H,22) -> 0 | N68: =COUNTIFS(veri!G:G,89,veri!H:H,31) -> 0 | O68: =COUNTIFS(veri!G:G,89,veri!H:H,32) -> 0 | P68: =COUNTIFS(veri!G:G,89,veri!H:H,33) -> 0 | Q68: =COUNTIFS(veri!G:G,89,veri!H:H,34) -> 0 | R68: =COUNTIFS(veri!G:G,89,veri!H:H,35) -> 0 | S68: =COUNTIFS(veri!G:G,89,veri!H:H,36) -> 0 | T68: =COUNTIFS(veri!G:G,89,veri!H:H,37) -> 0 | U68: =COUNTIFS(veri!G:G,89,veri!H:H,38) -> 0 | V68: =COUNTIFS(veri!G:G,89,veri!H:H,39) -> 0 | W68: =COUNTIFS(veri!G:G,89,veri!H:H,40) -> 0 | X68: =COUNTIFS(veri!G:G,89,veri!H:H,41) -> 0 | Y68: =COUNTIFS(veri!G:G,89,veri!H:H,42) -> 0 | Z68: =SUM(B68:Y68) -> 0
A69: 90: İSG UZMANI | B69: =COUNTIFS(veri!G:G,90,veri!H:H,11) -> 0 | C69: =COUNTIFS(veri!G:G,90,veri!H:H,12) -> 0 | D69: =COUNTIFS(veri!G:G,90,veri!H:H,13) -> 0 | E69: =COUNTIFS(veri!G:G,90,veri!H:H,14) -> 0 | F69: =COUNTIFS(veri!G:G,90,veri!H:H,15) -> 0 | G69: =COUNTIFS(veri!G:G,90,veri!H:H,16) -> 0 | H69: =COUNTIFS(veri!G:G,90,veri!H:H,17) -> 0 | I69: =COUNTIFS(veri!G:G,90,veri!H:H,18) -> 0 | J69: =COUNTIFS(veri!G:G,90,veri!H:H,19) -> 0 | K69: =COUNTIFS(veri!G:G,90,veri!H:H,20) -> 0 | L69: =COUNTIFS(veri!G:G,90,veri!H:H,21) -> 0 | M69: =COUNTIFS(veri!G:G,90,veri!H:H,22) -> 0 | N69: =COUNTIFS(veri!G:G,90,veri!H:H,31) -> 0 | O69: =COUNTIFS(veri!G:G,90,veri!H:H,32) -> 0 | P69: =COUNTIFS(veri!G:G,90,veri!H:H,33) -> 0 | Q69: =COUNTIFS(veri!G:G,90,veri!H:H,34) -> 0 | R69: =COUNTIFS(veri!G:G,90,veri!H:H,35) -> 0 | S69: =COUNTIFS(veri!G:G,90,veri!H:H,36) -> 0 | T69: =COUNTIFS(veri!G:G,90,veri!H:H,37) -> 0 | U69: =COUNTIFS(veri!G:G,90,veri!H:H,38) -> 0 | V69: =COUNTIFS(veri!G:G,90,veri!H:H,39) -> 0 | W69: =COUNTIFS(veri!G:G,90,veri!H:H,40) -> 0 | X69: =COUNTIFS(veri!G:G,90,veri!H:H,41) -> 0 | Y69: =COUNTIFS(veri!G:G,90,veri!H:H,42) -> 0 | Z69: =SUM(B69:Y69) -> 0
A70: 91: ÇEVRE GÖREVLİSİ | B70: =COUNTIFS(veri!G:G,91,veri!H:H,11) -> 0 | C70: =COUNTIFS(veri!G:G,91,veri!H:H,12) -> 0 | D70: =COUNTIFS(veri!G:G,91,veri!H:H,13) -> 0 | E70: =COUNTIFS(veri!G:G,91,veri!H:H,14) -> 0 | F70: =COUNTIFS(veri!G:G,91,veri!H:H,15) -> 0 | G70: =COUNTIFS(veri!G:G,91,veri!H:H,16) -> 0 | H70: =COUNTIFS(veri!G:G,91,veri!H:H,17) -> 0 | I70: =COUNTIFS(veri!G:G,91,veri!H:H,18) -> 0 | J70: =COUNTIFS(veri!G:G,91,veri!H:H,19) -> 0 | K70: =COUNTIFS(veri!G:G,91,veri!H:H,20) -> 0 | L70: =COUNTIFS(veri!G:G,91,veri!H:H,21) -> 0 | M70: =COUNTIFS(veri!G:G,91,veri!H:H,22) -> 0 | N70: =COUNTIFS(veri!G:G,91,veri!H:H,31) -> 0 | O70: =COUNTIFS(veri!G:G,91,veri!H:H,32) -> 0 | P70: =COUNTIFS(veri!G:G,91,veri!H:H,33) -> 0 | Q70: =COUNTIFS(veri!G:G,91,veri!H:H,34) -> 0 | R70: =COUNTIFS(veri!G:G,91,veri!H:H,35) -> 0 | S70: =COUNTIFS(veri!G:G,91,veri!H:H,36) -> 0 | T70: =COUNTIFS(veri!G:G,91,veri!H:H,37) -> 0 | U70: =COUNTIFS(veri!G:G,91,veri!H:H,38) -> 0 | V70: =COUNTIFS(veri!G:G,91,veri!H:H,39) -> 0 | W70: =COUNTIFS(veri!G:G,91,veri!H:H,40) -> 0 | X70: =COUNTIFS(veri!G:G,91,veri!H:H,41) -> 0 | Y70: =COUNTIFS(veri!G:G,91,veri!H:H,42) -> 0 | Z70: =SUM(B70:Y70) -> 0
A71: 92: EĞİTMEN | B71: =COUNTIFS(veri!G:G,92,veri!H:H,11) -> 0 | C71: =COUNTIFS(veri!G:G,92,veri!H:H,12) -> 0 | D71: =COUNTIFS(veri!G:G,92,veri!H:H,13) -> 0 | E71: =COUNTIFS(veri!G:G,92,veri!H:H,14) -> 0 | F71: =COUNTIFS(veri!G:G,92,veri!H:H,15) -> 0 | G71: =COUNTIFS(veri!G:G,92,veri!H:H,16) -> 0 | H71: =COUNTIFS(veri!G:G,92,veri!H:H,17) -> 0 | I71: =COUNTIFS(veri!G:G,92,veri!H:H,18) -> 0 | J71: =COUNTIFS(veri!G:G,92,veri!H:H,19) -> 0 | K71: =COUNTIFS(veri!G:G,92,veri!H:H,20) -> 0 | L71: =COUNTIFS(veri!G:G,92,veri!H:H,21) -> 0 | M71: =COUNTIFS(veri!G:G,92,veri!H:H,22) -> 0 | N71: =COUNTIFS(veri!G:G,92,veri!H:H,31) -> 0 | O71: =COUNTIFS(veri!G:G,92,veri!H:H,32) -> 0 | P71: =COUNTIFS(veri!G:G,92,veri!H:H,33) -> 0 | Q71: =COUNTIFS(veri!G:G,92,veri!H:H,34) -> 0 | R71: =COUNTIFS(veri!G:G,92,veri!H:H,35) -> 0 | S71: =COUNTIFS(veri!G:G,92,veri!H:H,36) -> 0 | T71: =COUNTIFS(veri!G:G,92,veri!H:H,37) -> 0 | U71: =COUNTIFS(veri!G:G,92,veri!H:H,38) -> 0 | V71: =COUNTIFS(veri!G:G,92,veri!H:H,39) -> 0 | W71: =COUNTIFS(veri!G:G,92,veri!H:H,40) -> 0 | X71: =COUNTIFS(veri!G:G,92,veri!H:H,41) -> 0 | Y71: =COUNTIFS(veri!G:G,92,veri!H:H,42) -> 0 | Z71: =SUM(B71:Y71) -> 0
A72: 93: PANO OP./SCADA | B72: =COUNTIFS(veri!G:G,93,veri!H:H,11) -> 0 | C72: =COUNTIFS(veri!G:G,93,veri!H:H,12) -> 0 | D72: =COUNTIFS(veri!G:G,93,veri!H:H,13) -> 0 | E72: =COUNTIFS(veri!G:G,93,veri!H:H,14) -> 0 | F72: =COUNTIFS(veri!G:G,93,veri!H:H,15) -> 0 | G72: =COUNTIFS(veri!G:G,93,veri!H:H,16) -> 0 | H72: =COUNTIFS(veri!G:G,93,veri!H:H,17) -> 0 | I72: =COUNTIFS(veri!G:G,93,veri!H:H,18) -> 0 | J72: =COUNTIFS(veri!G:G,93,veri!H:H,19) -> 0 | K72: =COUNTIFS(veri!G:G,93,veri!H:H,20) -> 0 | L72: =COUNTIFS(veri!G:G,93,veri!H:H,21) -> 0 | M72: =COUNTIFS(veri!G:G,93,veri!H:H,22) -> 0 | N72: =COUNTIFS(veri!G:G,93,veri!H:H,31) -> 0 | O72: =COUNTIFS(veri!G:G,93,veri!H:H,32) -> 0 | P72: =COUNTIFS(veri!G:G,93,veri!H:H,33) -> 0 | Q72: =COUNTIFS(veri!G:G,93,veri!H:H,34) -> 0 | R72: =COUNTIFS(veri!G:G,93,veri!H:H,35) -> 0 | S72: =COUNTIFS(veri!G:G,93,veri!H:H,36) -> 0 | T72: =COUNTIFS(veri!G:G,93,veri!H:H,37) -> 0 | U72: =COUNTIFS(veri!G:G,93,veri!H:H,38) -> 0 | V72: =COUNTIFS(veri!G:G,93,veri!H:H,39) -> 0 | W72: =COUNTIFS(veri!G:G,93,veri!H:H,40) -> 0 | X72: =COUNTIFS(veri!G:G,93,veri!H:H,41) -> 0 | Y72: =COUNTIFS(veri!G:G,93,veri!H:H,42) -> 0 | Z72: =SUM(B72:Y72) -> 0
A73: 94: TRAFO BAK.EL. | B73: =COUNTIFS(veri!G:G,94,veri!H:H,11) -> 0 | C73: =COUNTIFS(veri!G:G,94,veri!H:H,12) -> 0 | D73: =COUNTIFS(veri!G:G,94,veri!H:H,13) -> 0 | E73: =COUNTIFS(veri!G:G,94,veri!H:H,14) -> 0 | F73: =COUNTIFS(veri!G:G,94,veri!H:H,15) -> 0 | G73: =COUNTIFS(veri!G:G,94,veri!H:H,16) -> 0 | H73: =COUNTIFS(veri!G:G,94,veri!H:H,17) -> 0 | I73: =COUNTIFS(veri!G:G,94,veri!H:H,18) -> 0 | J73: =COUNTIFS(veri!G:G,94,veri!H:H,19) -> 0 | K73: =COUNTIFS(veri!G:G,94,veri!H:H,20) -> 0 | L73: =COUNTIFS(veri!G:G,94,veri!H:H,21) -> 0 | M73: =COUNTIFS(veri!G:G,94,veri!H:H,22) -> 0 | N73: =COUNTIFS(veri!G:G,94,veri!H:H,31) -> 0 | O73: =COUNTIFS(veri!G:G,94,veri!H:H,32) -> 0 | P73: =COUNTIFS(veri!G:G,94,veri!H:H,33) -> 0 | Q73: =COUNTIFS(veri!G:G,94,veri!H:H,34) -> 0 | R73: =COUNTIFS(veri!G:G,94,veri!H:H,35) -> 0 | S73: =COUNTIFS(veri!G:G,94,veri!H:H,36) -> 0 | T73: =COUNTIFS(veri!G:G,94,veri!H:H,37) -> 0 | U73: =COUNTIFS(veri!G:G,94,veri!H:H,38) -> 0 | V73: =COUNTIFS(veri!G:G,94,veri!H:H,39) -> 0 | W73: =COUNTIFS(veri!G:G,94,veri!H:H,40) -> 0 | X73: =COUNTIFS(veri!G:G,94,veri!H:H,41) -> 0 | Y73: =COUNTIFS(veri!G:G,94,veri!H:H,42) -> 0 | Z73: =SUM(B73:Y73) -> 0
A74: 95: JENERATÖR TEK. | B74: =COUNTIFS(veri!G:G,95,veri!H:H,11) -> 0 | C74: =COUNTIFS(veri!G:G,95,veri!H:H,12) -> 0 | D74: =COUNTIFS(veri!G:G,95,veri!H:H,13) -> 0 | E74: =COUNTIFS(veri!G:G,95,veri!H:H,14) -> 0 | F74: =COUNTIFS(veri!G:G,95,veri!H:H,15) -> 0 | G74: =COUNTIFS(veri!G:G,95,veri!H:H,16) -> 0 | H74: =COUNTIFS(veri!G:G,95,veri!H:H,17) -> 0 | I74: =COUNTIFS(veri!G:G,95,veri!H:H,18) -> 0 | J74: =COUNTIFS(veri!G:G,95,veri!H:H,19) -> 0 | K74: =COUNTIFS(veri!G:G,95,veri!H:H,20) -> 0 | L74: =COUNTIFS(veri!G:G,95,veri!H:H,21) -> 0 | M74: =COUNTIFS(veri!G:G,95,veri!H:H,22) -> 0 | N74: =COUNTIFS(veri!G:G,95,veri!H:H,31) -> 0 | O74: =COUNTIFS(veri!G:G,95,veri!H:H,32) -> 0 | P74: =COUNTIFS(veri!G:G,95,veri!H:H,33) -> 0 | Q74: =COUNTIFS(veri!G:G,95,veri!H:H,34) -> 0 | R74: =COUNTIFS(veri!G:G,95,veri!H:H,35) -> 0 | S74: =COUNTIFS(veri!G:G,95,veri!H:H,36) -> 0 | T74: =COUNTIFS(veri!G:G,95,veri!H:H,37) -> 0 | U74: =COUNTIFS(veri!G:G,95,veri!H:H,38) -> 0 | V74: =COUNTIFS(veri!G:G,95,veri!H:H,39) -> 0 | W74: =COUNTIFS(veri!G:G,95,veri!H:H,40) -> 0 | X74: =COUNTIFS(veri!G:G,95,veri!H:H,41) -> 0 | Y74: =COUNTIFS(veri!G:G,95,veri!H:H,42) -> 0 | Z74: =SUM(B74:Y74) -> 0
A75: 96: BANT BAKIMCI | B75: =COUNTIFS(veri!G:G,96,veri!H:H,11) -> 0 | C75: =COUNTIFS(veri!G:G,96,veri!H:H,12) -> 0 | D75: =COUNTIFS(veri!G:G,96,veri!H:H,13) -> 0 | E75: =COUNTIFS(veri!G:G,96,veri!H:H,14) -> 0 | F75: =COUNTIFS(veri!G:G,96,veri!H:H,15) -> 0 | G75: =COUNTIFS(veri!G:G,96,veri!H:H,16) -> 0 | H75: =COUNTIFS(veri!G:G,96,veri!H:H,17) -> 0 | I75: =COUNTIFS(veri!G:G,96,veri!H:H,18) -> 0 | J75: =COUNTIFS(veri!G:G,96,veri!H:H,19) -> 0 | K75: =COUNTIFS(veri!G:G,96,veri!H:H,20) -> 0 | L75: =COUNTIFS(veri!G:G,96,veri!H:H,21) -> 0 | M75: =COUNTIFS(veri!G:G,96,veri!H:H,22) -> 0 | N75: =COUNTIFS(veri!G:G,96,veri!H:H,31) -> 0 | O75: =COUNTIFS(veri!G:G,96,veri!H:H,32) -> 0 | P75: =COUNTIFS(veri!G:G,96,veri!H:H,33) -> 0 | Q75: =COUNTIFS(veri!G:G,96,veri!H:H,34) -> 0 | R75: =COUNTIFS(veri!G:G,96,veri!H:H,35) -> 1 | S75: =COUNTIFS(veri!G:G,96,veri!H:H,36) -> 0 | T75: =COUNTIFS(veri!G:G,96,veri!H:H,37) -> 0 | U75: =COUNTIFS(veri!G:G,96,veri!H:H,38) -> 0 | V75: =COUNTIFS(veri!G:G,96,veri!H:H,39) -> 0 | W75: =COUNTIFS(veri!G:G,96,veri!H:H,40) -> 0 | X75: =COUNTIFS(veri!G:G,96,veri!H:H,41) -> 0 | Y75: =COUNTIFS(veri!G:G,96,veri!H:H,42) -> 0 | Z75: =SUM(B75:Y75) -> 1
A76: 97: KİRİŞ TAMİRCİSİ | B76: =COUNTIFS(veri!G:G,97,veri!H:H,11) -> 0 | C76: =COUNTIFS(veri!G:G,97,veri!H:H,12) -> 0 | D76: =COUNTIFS(veri!G:G,97,veri!H:H,13) -> 0 | E76: =COUNTIFS(veri!G:G,97,veri!H:H,14) -> 0 | F76: =COUNTIFS(veri!G:G,97,veri!H:H,15) -> 0 | G76: =COUNTIFS(veri!G:G,97,veri!H:H,16) -> 0 | H76: =COUNTIFS(veri!G:G,97,veri!H:H,17) -> 0 | I76: =COUNTIFS(veri!G:G,97,veri!H:H,18) -> 0 | J76: =COUNTIFS(veri!G:G,97,veri!H:H,19) -> 0 | K76: =COUNTIFS(veri!G:G,97,veri!H:H,20) -> 0 | L76: =COUNTIFS(veri!G:G,97,veri!H:H,21) -> 0 | M76: =COUNTIFS(veri!G:G,97,veri!H:H,22) -> 0 | N76: =COUNTIFS(veri!G:G,97,veri!H:H,31) -> 0 | O76: =COUNTIFS(veri!G:G,97,veri!H:H,32) -> 0 | P76: =COUNTIFS(veri!G:G,97,veri!H:H,33) -> 0 | Q76: =COUNTIFS(veri!G:G,97,veri!H:H,34) -> 0 | R76: =COUNTIFS(veri!G:G,97,veri!H:H,35) -> 0 | S76: =COUNTIFS(veri!G:G,97,veri!H:H,36) -> 0 | T76: =COUNTIFS(veri!G:G,97,veri!H:H,37) -> 0 | U76: =COUNTIFS(veri!G:G,97,veri!H:H,38) -> 0 | V76: =COUNTIFS(veri!G:G,97,veri!H:H,39) -> 0 | W76: =COUNTIFS(veri!G:G,97,veri!H:H,40) -> 0 | X76: =COUNTIFS(veri!G:G,97,veri!H:H,41) -> 0 | Y76: =COUNTIFS(veri!G:G,97,veri!H:H,42) -> 0 | Z76: =SUM(B76:Y76) -> 0
A77: 98: LASTİKÇİ | B77: =COUNTIFS(veri!G:G,98,veri!H:H,11) -> 0 | C77: =COUNTIFS(veri!G:G,98,veri!H:H,12) -> 0 | D77: =COUNTIFS(veri!G:G,98,veri!H:H,13) -> 0 | E77: =COUNTIFS(veri!G:G,98,veri!H:H,14) -> 0 | F77: =COUNTIFS(veri!G:G,98,veri!H:H,15) -> 0 | G77: =COUNTIFS(veri!G:G,98,veri!H:H,16) -> 0 | H77: =COUNTIFS(veri!G:G,98,veri!H:H,17) -> 0 | I77: =COUNTIFS(veri!G:G,98,veri!H:H,18) -> 0 | J77: =COUNTIFS(veri!G:G,98,veri!H:H,19) -> 0 | K77: =COUNTIFS(veri!G:G,98,veri!H:H,20) -> 0 | L77: =COUNTIFS(veri!G:G,98,veri!H:H,21) -> 0 | M77: =COUNTIFS(veri!G:G,98,veri!H:H,22) -> 0 | N77: =COUNTIFS(veri!G:G,98,veri!H:H,31) -> 0 | O77: =COUNTIFS(veri!G:G,98,veri!H:H,32) -> 0 | P77: =COUNTIFS(veri!G:G,98,veri!H:H,33) -> 0 | Q77: =COUNTIFS(veri!G:G,98,veri!H:H,34) -> 0 | R77: =COUNTIFS(veri!G:G,98,veri!H:H,35) -> 0 | S77: =COUNTIFS(veri!G:G,98,veri!H:H,36) -> 0 | T77: =COUNTIFS(veri!G:G,98,veri!H:H,37) -> 0 | U77: =COUNTIFS(veri!G:G,98,veri!H:H,38) -> 0 | V77: =COUNTIFS(veri!G:G,98,veri!H:H,39) -> 0 | W77: =COUNTIFS(veri!G:G,98,veri!H:H,40) -> 0 | X77: =COUNTIFS(veri!G:G,98,veri!H:H,41) -> 0 | Y77: =COUNTIFS(veri!G:G,98,veri!H:H,42) -> 0 | Z77: =SUM(B77:Y77) -> 0
A78: 99: Y.Ü.NEZARETÇİ | B78: =COUNTIFS(veri!G:G,99,veri!H:H,11) -> 0 | C78: =COUNTIFS(veri!G:G,99,veri!H:H,12) -> 0 | D78: =COUNTIFS(veri!G:G,99,veri!H:H,13) -> 0 | E78: =COUNTIFS(veri!G:G,99,veri!H:H,14) -> 0 | F78: =COUNTIFS(veri!G:G,99,veri!H:H,15) -> 0 | G78: =COUNTIFS(veri!G:G,99,veri!H:H,16) -> 0 | H78: =COUNTIFS(veri!G:G,99,veri!H:H,17) -> 0 | I78: =COUNTIFS(veri!G:G,99,veri!H:H,18) -> 0 | J78: =COUNTIFS(veri!G:G,99,veri!H:H,19) -> 0 | K78: =COUNTIFS(veri!G:G,99,veri!H:H,20) -> 0 | L78: =COUNTIFS(veri!G:G,99,veri!H:H,21) -> 0 | M78: =COUNTIFS(veri!G:G,99,veri!H:H,22) -> 0 | N78: =COUNTIFS(veri!G:G,99,veri!H:H,31) -> 0 | O78: =COUNTIFS(veri!G:G,99,veri!H:H,32) -> 0 | P78: =COUNTIFS(veri!G:G,99,veri!H:H,33) -> 0 | Q78: =COUNTIFS(veri!G:G,99,veri!H:H,34) -> 0 | R78: =COUNTIFS(veri!G:G,99,veri!H:H,35) -> 0 | S78: =COUNTIFS(veri!G:G,99,veri!H:H,36) -> 0 | T78: =COUNTIFS(veri!G:G,99,veri!H:H,37) -> 0 | U78: =COUNTIFS(veri!G:G,99,veri!H:H,38) -> 0 | V78: =COUNTIFS(veri!G:G,99,veri!H:H,39) -> 0 | W78: =COUNTIFS(veri!G:G,99,veri!H:H,40) -> 0 | X78: =COUNTIFS(veri!G:G,99,veri!H:H,41) -> 0 | Y78: =COUNTIFS(veri!G:G,99,veri!H:H,42) -> 0 | Z78: =SUM(B78:Y78) -> 0
A79: 100: Y.Ü.TEKNİKER | B79: =COUNTIFS(veri!G:G,100,veri!H:H,11) -> 0 | C79: =COUNTIFS(veri!G:G,100,veri!H:H,12) -> 0 | D79: =COUNTIFS(veri!G:G,100,veri!H:H,13) -> 0 | E79: =COUNTIFS(veri!G:G,100,veri!H:H,14) -> 0 | F79: =COUNTIFS(veri!G:G,100,veri!H:H,15) -> 0 | G79: =COUNTIFS(veri!G:G,100,veri!H:H,16) -> 0 | H79: =COUNTIFS(veri!G:G,100,veri!H:H,17) -> 0 | I79: =COUNTIFS(veri!G:G,100,veri!H:H,18) -> 0 | J79: =COUNTIFS(veri!G:G,100,veri!H:H,19) -> 0 | K79: =COUNTIFS(veri!G:G,100,veri!H:H,20) -> 0 | L79: =COUNTIFS(veri!G:G,100,veri!H:H,21) -> 0 | M79: =COUNTIFS(veri!G:G,100,veri!H:H,22) -> 0 | N79: =COUNTIFS(veri!G:G,100,veri!H:H,31) -> 0 | O79: =COUNTIFS(veri!G:G,100,veri!H:H,32) -> 0 | P79: =COUNTIFS(veri!G:G,100,veri!H:H,33) -> 0 | Q79: =COUNTIFS(veri!G:G,100,veri!H:H,34) -> 0 | R79: =COUNTIFS(veri!G:G,100,veri!H:H,35) -> 0 | S79: =COUNTIFS(veri!G:G,100,veri!H:H,36) -> 0 | T79: =COUNTIFS(veri!G:G,100,veri!H:H,37) -> 0 | U79: =COUNTIFS(veri!G:G,100,veri!H:H,38) -> 0 | V79: =COUNTIFS(veri!G:G,100,veri!H:H,39) -> 0 | W79: =COUNTIFS(veri!G:G,100,veri!H:H,40) -> 0 | X79: =COUNTIFS(veri!G:G,100,veri!H:H,41) -> 0 | Y79: =COUNTIFS(veri!G:G,100,veri!H:H,42) -> 0 | Z79: =SUM(B79:Y79) -> 0
A80: 101: Y.Ü.MÜHENDİS | B80: =COUNTIFS(veri!G:G,101,veri!H:H,11) -> 0 | C80: =COUNTIFS(veri!G:G,101,veri!H:H,12) -> 0 | D80: =COUNTIFS(veri!G:G,101,veri!H:H,13) -> 0 | E80: =COUNTIFS(veri!G:G,101,veri!H:H,14) -> 0 | F80: =COUNTIFS(veri!G:G,101,veri!H:H,15) -> 0 | G80: =COUNTIFS(veri!G:G,101,veri!H:H,16) -> 0 | H80: =COUNTIFS(veri!G:G,101,veri!H:H,17) -> 0 | I80: =COUNTIFS(veri!G:G,101,veri!H:H,18) -> 0 | J80: =COUNTIFS(veri!G:G,101,veri!H:H,19) -> 0 | K80: =COUNTIFS(veri!G:G,101,veri!H:H,20) -> 0 | L80: =COUNTIFS(veri!G:G,101,veri!H:H,21) -> 0 | M80: =COUNTIFS(veri!G:G,101,veri!H:H,22) -> 0 | N80: =COUNTIFS(veri!G:G,101,veri!H:H,31) -> 0 | O80: =COUNTIFS(veri!G:G,101,veri!H:H,32) -> 0 | P80: =COUNTIFS(veri!G:G,101,veri!H:H,33) -> 0 | Q80: =COUNTIFS(veri!G:G,101,veri!H:H,34) -> 0 | R80: =COUNTIFS(veri!G:G,101,veri!H:H,35) -> 0 | S80: =COUNTIFS(veri!G:G,101,veri!H:H,36) -> 0 | T80: =COUNTIFS(veri!G:G,101,veri!H:H,37) -> 0 | U80: =COUNTIFS(veri!G:G,101,veri!H:H,38) -> 0 | V80: =COUNTIFS(veri!G:G,101,veri!H:H,39) -> 0 | W80: =COUNTIFS(veri!G:G,101,veri!H:H,40) -> 0 | X80: =COUNTIFS(veri!G:G,101,veri!H:H,41) -> 0 | Y80: =COUNTIFS(veri!G:G,101,veri!H:H,42) -> 0 | Z80: =SUM(B80:Y80) -> 0
A81: 102: HAR.KADASTROCU | B81: =COUNTIFS(veri!G:G,102,veri!H:H,11) -> 0 | C81: =COUNTIFS(veri!G:G,102,veri!H:H,12) -> 0 | D81: =COUNTIFS(veri!G:G,102,veri!H:H,13) -> 0 | E81: =COUNTIFS(veri!G:G,102,veri!H:H,14) -> 0 | F81: =COUNTIFS(veri!G:G,102,veri!H:H,15) -> 0 | G81: =COUNTIFS(veri!G:G,102,veri!H:H,16) -> 0 | H81: =COUNTIFS(veri!G:G,102,veri!H:H,17) -> 0 | I81: =COUNTIFS(veri!G:G,102,veri!H:H,18) -> 0 | J81: =COUNTIFS(veri!G:G,102,veri!H:H,19) -> 0 | K81: =COUNTIFS(veri!G:G,102,veri!H:H,20) -> 0 | L81: =COUNTIFS(veri!G:G,102,veri!H:H,21) -> 0 | M81: =COUNTIFS(veri!G:G,102,veri!H:H,22) -> 0 | N81: =COUNTIFS(veri!G:G,102,veri!H:H,31) -> 0 | O81: =COUNTIFS(veri!G:G,102,veri!H:H,32) -> 0 | P81: =COUNTIFS(veri!G:G,102,veri!H:H,33) -> 0 | Q81: =COUNTIFS(veri!G:G,102,veri!H:H,34) -> 0 | R81: =COUNTIFS(veri!G:G,102,veri!H:H,35) -> 0 | S81: =COUNTIFS(veri!G:G,102,veri!H:H,36) -> 0 | T81: =COUNTIFS(veri!G:G,102,veri!H:H,37) -> 0 | U81: =COUNTIFS(veri!G:G,102,veri!H:H,38) -> 0 | V81: =COUNTIFS(veri!G:G,102,veri!H:H,39) -> 0 | W81: =COUNTIFS(veri!G:G,102,veri!H:H,40) -> 0 | X81: =COUNTIFS(veri!G:G,102,veri!H:H,41) -> 0 | Y81: =COUNTIFS(veri!G:G,102,veri!H:H,42) -> 0 | Z81: =SUM(B81:Y81) -> 0
A82: 103: VERİ GİRİŞ OP. | B82: =COUNTIFS(veri!G:G,103,veri!H:H,11) -> 0 | C82: =COUNTIFS(veri!G:G,103,veri!H:H,12) -> 0 | D82: =COUNTIFS(veri!G:G,103,veri!H:H,13) -> 0 | E82: =COUNTIFS(veri!G:G,103,veri!H:H,14) -> 0 | F82: =COUNTIFS(veri!G:G,103,veri!H:H,15) -> 0 | G82: =COUNTIFS(veri!G:G,103,veri!H:H,16) -> 0 | H82: =COUNTIFS(veri!G:G,103,veri!H:H,17) -> 0 | I82: =COUNTIFS(veri!G:G,103,veri!H:H,18) -> 0 | J82: =COUNTIFS(veri!G:G,103,veri!H:H,19) -> 0 | K82: =COUNTIFS(veri!G:G,103,veri!H:H,20) -> 0 | L82: =COUNTIFS(veri!G:G,103,veri!H:H,21) -> 0 | M82: =COUNTIFS(veri!G:G,103,veri!H:H,22) -> 0 | N82: =COUNTIFS(veri!G:G,103,veri!H:H,31) -> 0 | O82: =COUNTIFS(veri!G:G,103,veri!H:H,32) -> 0 | P82: =COUNTIFS(veri!G:G,103,veri!H:H,33) -> 0 | Q82: =COUNTIFS(veri!G:G,103,veri!H:H,34) -> 0 | R82: =COUNTIFS(veri!G:G,103,veri!H:H,35) -> 0 | S82: =COUNTIFS(veri!G:G,103,veri!H:H,36) -> 0 | T82: =COUNTIFS(veri!G:G,103,veri!H:H,37) -> 0 | U82: =COUNTIFS(veri!G:G,103,veri!H:H,38) -> 0 | V82: =COUNTIFS(veri!G:G,103,veri!H:H,39) -> 0 | W82: =COUNTIFS(veri!G:G,103,veri!H:H,40) -> 0 | X82: =COUNTIFS(veri!G:G,103,veri!H:H,41) -> 0 | Y82: =COUNTIFS(veri!G:G,103,veri!H:H,42) -> 0 | Z82: =SUM(B82:Y82) -> 0
A83: 104: DEPOCU | B83: =COUNTIFS(veri!G:G,104,veri!H:H,11) -> 0 | C83: =COUNTIFS(veri!G:G,104,veri!H:H,12) -> 0 | D83: =COUNTIFS(veri!G:G,104,veri!H:H,13) -> 0 | E83: =COUNTIFS(veri!G:G,104,veri!H:H,14) -> 0 | F83: =COUNTIFS(veri!G:G,104,veri!H:H,15) -> 0 | G83: =COUNTIFS(veri!G:G,104,veri!H:H,16) -> 0 | H83: =COUNTIFS(veri!G:G,104,veri!H:H,17) -> 0 | I83: =COUNTIFS(veri!G:G,104,veri!H:H,18) -> 0 | J83: =COUNTIFS(veri!G:G,104,veri!H:H,19) -> 0 | K83: =COUNTIFS(veri!G:G,104,veri!H:H,20) -> 0 | L83: =COUNTIFS(veri!G:G,104,veri!H:H,21) -> 0 | M83: =COUNTIFS(veri!G:G,104,veri!H:H,22) -> 0 | N83: =COUNTIFS(veri!G:G,104,veri!H:H,31) -> 0 | O83: =COUNTIFS(veri!G:G,104,veri!H:H,32) -> 0 | P83: =COUNTIFS(veri!G:G,104,veri!H:H,33) -> 0 | Q83: =COUNTIFS(veri!G:G,104,veri!H:H,34) -> 0 | R83: =COUNTIFS(veri!G:G,104,veri!H:H,35) -> 0 | S83: =COUNTIFS(veri!G:G,104,veri!H:H,36) -> 0 | T83: =COUNTIFS(veri!G:G,104,veri!H:H,37) -> 0 | U83: =COUNTIFS(veri!G:G,104,veri!H:H,38) -> 0 | V83: =COUNTIFS(veri!G:G,104,veri!H:H,39) -> 0 | W83: =COUNTIFS(veri!G:G,104,veri!H:H,40) -> 0 | X83: =COUNTIFS(veri!G:G,104,veri!H:H,41) -> 0 | Y83: =COUNTIFS(veri!G:G,104,veri!H:H,42) -> 0 | Z83: =SUM(B83:Y83) -> 0
A84: 105: Y.Ü.DİĞER | B84: =COUNTIFS(veri!G:G,105,veri!H:H,11) -> 0 | C84: =COUNTIFS(veri!G:G,105,veri!H:H,12) -> 0 | D84: =COUNTIFS(veri!G:G,105,veri!H:H,13) -> 0 | E84: =COUNTIFS(veri!G:G,105,veri!H:H,14) -> 0 | F84: =COUNTIFS(veri!G:G,105,veri!H:H,15) -> 0 | G84: =COUNTIFS(veri!G:G,105,veri!H:H,16) -> 0 | H84: =COUNTIFS(veri!G:G,105,veri!H:H,17) -> 0 | I84: =COUNTIFS(veri!G:G,105,veri!H:H,18) -> 0 | J84: =COUNTIFS(veri!G:G,105,veri!H:H,19) -> 0 | K84: =COUNTIFS(veri!G:G,105,veri!H:H,20) -> 0 | L84: =COUNTIFS(veri!G:G,105,veri!H:H,21) -> 0 | M84: =COUNTIFS(veri!G:G,105,veri!H:H,22) -> 0 | N84: =COUNTIFS(veri!G:G,105,veri!H:H,31) -> 0 | O84: =COUNTIFS(veri!G:G,105,veri!H:H,32) -> 0 | P84: =COUNTIFS(veri!G:G,105,veri!H:H,33) -> 0 | Q84: =COUNTIFS(veri!G:G,105,veri!H:H,34) -> 0 | R84: =COUNTIFS(veri!G:G,105,veri!H:H,35) -> 0 | S84: =COUNTIFS(veri!G:G,105,veri!H:H,36) -> 0 | T84: =COUNTIFS(veri!G:G,105,veri!H:H,37) -> 0 | U84: =COUNTIFS(veri!G:G,105,veri!H:H,38) -> 0 | V84: =COUNTIFS(veri!G:G,105,veri!H:H,39) -> 0 | W84: =COUNTIFS(veri!G:G,105,veri!H:H,40) -> 0 | X84: =COUNTIFS(veri!G:G,105,veri!H:H,41) -> 0 | Y84: =COUNTIFS(veri!G:G,105,veri!H:H,42) -> 0 | Z84: =SUM(B84:Y84) -> 0
A85: YA TOPLAM | B85: =SUM(B4:B29) -> 0 | C85: =SUM(C4:C29) -> 0 | D85: =SUM(D4:D29) -> 0 | E85: =SUM(E4:E29) -> 0 | F85: =SUM(F4:F29) -> 0 | G85: =SUM(G4:G29) -> 0 | H85: =SUM(H4:H29) -> 0 | I85: =SUM(I4:I29) -> 0 | ... Z85: =SUM(Z4:Z29) -> 0
A86: YÜ TOPLAM | B86: =SUM(B30:B84) -> 0 | C86: =SUM(C30:C84) -> 0 | D86: =SUM(D30:D84) -> 0 | E86: =SUM(E30:E84) -> 0 | F86: =SUM(F30:F84) -> 0 | G86: =SUM(G30:G84) -> 0 | H86: =SUM(H30:H84) -> 0 | I86: =SUM(I30:I84) -> 0 | ... Z86: =SUM(Z30:Z84) -> 9
A87: GENEL TOPLAM | B87: =SUM(B4:B84) -> 0 | C87: =SUM(C4:C84) -> 0 | D87: =SUM(D4:D84) -> 0 | E87: =SUM(E4:E84) -> 0 | F87: =SUM(F4:F84) -> 0 | G87: =SUM(G4:G84) -> 0 | H87: =SUM(H4:H84) -> 0 | I87: =SUM(I4:I84) -> 0 | ... Z87: =SUM(Z4:Z84) -> 9

Sheet sanatkazatürü
A2: KAZA | B2: YERALTI | AB2: YERÜSTÜ
A3: NEDENİ | B3: MEKANİZE KAZI O | C3: YÜR.TAHKİMAT SÜ | D3: Y.A.HAZ.İŞÇİSİ | E3: Y.A.HAZ.İŞÇ.YED | F3: Y.A.HAZ.USTASI | G3: Y.A.MAD.HAZ.ELE | H3: DELİKÇİ | I3: ATEŞÇİ | J3: TAHKİMATÇI | K3: KONVEYÖR OP. | L3: ELEKTRİKÇİ | M3: TULUMBACI | N3: MAKİNİST | O3: MADEN TEKNİKERİ | P3: NEZARETÇİ | Q3: İSG DESTEK EL. | R3: Y.A.TAMİR-BAKIM | S3: Y.A.KAYNAKÇI | T3: SÜRÜCÜ/LOKOMOTİ | U3: TOPOGRAF | V3: JEOLOJİ TEKNİSY | W3: KUYU DİBİ İŞÇİS | X3: VİNCİ | Y3: HAVALANDIRMACI | Z3: TARAMA İŞÇİSİ | AA3: Y.A.DİĞER | AB3: DOZER OP. | AC3: EKSKAVATÖR OP. | AD3: İŞ MAK. OP.(DİĞ | AE3: KAMYON ŞOF. | AF3: TESİS İŞÇİSİ | AG3: MANEVRACIYA | AH3: BEDEN İŞÇİSİ | AI3: KAYNAKÇI | AJ3: TORNACI | AK3: TESVİYECİ | AL3: BORU TESİSATÇIS | AM3: EL./ELEK.TEK. | AN3: OTOMASYON TEK. | AO3: MEKANİK | AP3: KARO İŞÇİSİ | AQ3: İNŞAAT İŞÇİSİ | AR3: MARANGOZ | AS3: DEMİRCİ | AT3: BOYACI | AU3: DÖKÜMHANECİ | AV3: LABORATUVARCI | AW3: KANTAR OP. | AX3: STOK MEMURU | AY3: İDARİ BÜRO | AZ3: MUHASEBECİ | BA3: BİLGİ İŞLEM | BB3: İNSAN KAYNAKLAR | BC3: SATIN ALMA | BD3: ŞOFÖR (SERVİS) | BE3: ŞOFÖR (KAMYON) | BF3: AMBULANS ŞOF. | BG3: İTFAİYECİ | BH3: GÜVENLİK | BI3: AŞCİ | BJ3: GARSON | BK3: TEMİZLİK | BL3: ÇAMAŞIRHANE | BM3: BAHÇIVAN | BN3: SAĞLIK PERSONEL | BO3: İSG UZMANI | BP3: ÇEVRE GÖREVLİSİ | BQ3: EĞİTMEN | BR3: PANO OP./SCADA | BS3: TRAFO BAK.EL. | BT3: JENERATÖR TEK. | BU3: BANT BAKIMCI | BV3: KİRİŞ TAMİRCİSİ | BW3: LASTİKÇİ | BX3: Y.Ü.NEZARETÇİ | BY3: Y.Ü.TEKNİKER | BZ3: Y.Ü.MÜHENDİS | CA3: HAR.KADASTROCU | CB3: VERİ GİRİŞ OP. | CC3: DEPOCU | CD3: Y.Ü.DİĞER | CE3: YA TOP | CF3: YÜ TOP | CG3: TOPLAM | CH3: %
A4: GÖÇÜK, TAŞ VEYA KÖMÜR DÜŞ | B4: =COUNTIFS(veri!G:G,1,veri!I:I,">=100",veri!I:I,"<200") -> 0 | C4: =COUNTIFS(veri!G:G,2,veri!I:I,">=100",veri!I:I,"<200") -> 0 | D4: =COUNTIFS(veri!G:G,3,veri!I:I,">=100",veri!I:I,"<200") -> 0 | E4: =COUNTIFS(veri!G:G,4,veri!I:I,">=100",veri!I:I,"<200") -> 0 | F4: =COUNTIFS(veri!G:G,5,veri!I:I,">=100",veri!I:I,"<200") -> 0 | G4: =COUNTIFS(veri!G:G,6,veri!I:I,">=100",veri!I:I,"<200") -> 0 | H4: =COUNTIFS(veri!G:G,7,veri!I:I,">=100",veri!I:I,"<200") -> 0 | I4: =COUNTIFS(veri!G:G,8,veri!I:I,">=100",veri!I:I,"<200") -> 0 | J4: =COUNTIFS(veri!G:G,9,veri!I:I,">=100",veri!I:I,"<200") -> 0 | K4: =COUNTIFS(veri!G:G,10,veri!I:I,">=100",veri!I:I,"<200") -> 0 | L4: =COUNTIFS(veri!G:G,11,veri!I:I,">=100",veri!I:I,"<200") -> 0 | M4: =COUNTIFS(veri!G:G,12,veri!I:I,">=100",veri!I:I,"<200") -> 0 | N4: =COUNTIFS(veri!G:G,13,veri!I:I,">=100",veri!I:I,"<200") -> 0 | O4: =COUNTIFS(veri!G:G,14,veri!I:I,">=100",veri!I:I,"<200") -> 0 | P4: =COUNTIFS(veri!G:G,15,veri!I:I,">=100",veri!I:I,"<200") -> 0 | Q4: =COUNTIFS(veri!G:G,16,veri!I:I,">=100",veri!I:I,"<200") -> 0 | R4: =COUNTIFS(veri!G:G,17,veri!I:I,">=100",veri!I:I,"<200") -> 0 | S4: =COUNTIFS(veri!G:G,18,veri!I:I,">=100",veri!I:I,"<200") -> 0 | T4: =COUNTIFS(veri!G:G,19,veri!I:I,">=100",veri!I:I,"<200") -> 0 | U4: =COUNTIFS(veri!G:G,20,veri!I:I,">=100",veri!I:I,"<200") -> 0 | V4: =COUNTIFS(veri!G:G,21,veri!I:I,">=100",veri!I:I,"<200") -> 0 | W4: =COUNTIFS(veri!G:G,22,veri!I:I,">=100",veri!I:I,"<200") -> 0 | X4: =COUNTIFS(veri!G:G,23,veri!I:I,">=100",veri!I:I,"<200") -> 0 | Y4: =COUNTIFS(veri!G:G,24,veri!I:I,">=100",veri!I:I,"<200") -> 0 | Z4: =COUNTIFS(veri!G:G,25,veri!I:I,">=100",veri!I:I,"<200") -> 0 | AA4: =COUNTIFS(veri!G:G,26,veri!I:I,">=100",veri!I:I,"<200") -> 0 | AB4: =COUNTIFS(veri!G:G,51,veri!I:I,">=100",veri!I:I,"<200") -> 0 | AC4: =COUNTIFS(veri!G:G,52,veri!I:I,">=100",veri!I:I,"<200") -> 0 | AD4: =COUNTIFS(veri!G:G,53,veri!I:I,">=100",veri!I:I,"<200") -> 0 | AE4: =COUNTIFS(veri!G:G,54,veri!I:I,">=100",veri!I:I,"<200") -> 0 | AF4: =COUNTIFS(veri!G:G,55,veri!I:I,">=100",veri!I:I,"<200") -> 0 | AG4: =COUNTIFS(veri!G:G,56,veri!I:I,">=100",veri!I:I,"<200") -> 0 | AH4: =COUNTIFS(veri!G:G,57,veri!I:I,">=100",veri!I:I,"<200") -> 0 | AI4: =COUNTIFS(veri!G:G,58,veri!I:I,">=100",veri!I:I,"<200") -> 0 | AJ4: =COUNTIFS(veri!G:G,59,veri!I:I,">=100",veri!I:I,"<200") -> 0 | AK4: =COUNTIFS(veri!G:G,60,veri!I:I,">=100",veri!I:I,"<200") -> 0 | AL4: =COUNTIFS(veri!G:G,61,veri!I:I,">=100",veri!I:I,"<200") -> 0 | AM4: =COUNTIFS(veri!G:G,62,veri!I:I,">=100",veri!I:I,"<200") -> 0 | AN4: =COUNTIFS(veri!G:G,63,veri!I:I,">=100",veri!I:I,"<200") -> 0 | AO4: =COUNTIFS(veri!G:G,64,veri!I:I,">=100",veri!I:I,"<200") -> 0 | AP4: =COUNTIFS(veri!G:G,65,veri!I:I,">=100",veri!I:I,"<200") -> 0 | AQ4: =COUNTIFS(veri!G:G,66,veri!I:I,">=100",veri!I:I,"<200") -> 0 | AR4: =COUNTIFS(veri!G:G,67,veri!I:I,">=100",veri!I:I,"<200") -> 0 | AS4: =COUNTIFS(veri!G:G,68,veri!I:I,">=100",veri!I:I,"<200") -> 0 | AT4: =COUNTIFS(veri!G:G,69,veri!I:I,">=100",veri!I:I,"<200") -> 0 | AU4: =COUNTIFS(veri!G:G,70,veri!I:I,">=100",veri!I:I,"<200") -> 0 | AV4: =COUNTIFS(veri!G:G,71,veri!I:I,">=100",veri!I:I,"<200") -> 0 | AW4: =COUNTIFS(veri!G:G,72,veri!I:I,">=100",veri!I:I,"<200") -> 0 | AX4: =COUNTIFS(veri!G:G,73,veri!I:I,">=100",veri!I:I,"<200") -> 0 | AY4: =COUNTIFS(veri!G:G,74,veri!I:I,">=100",veri!I:I,"<200") -> 0 | AZ4: =COUNTIFS(veri!G:G,75,veri!I:I,">=100",veri!I:I,"<200") -> 0 | BA4: =COUNTIFS(veri!G:G,76,veri!I:I,">=100",veri!I:I,"<200") -> 0 | BB4: =COUNTIFS(veri!G:G,77,veri!I:I,">=100",veri!I:I,"<200") -> 0 | BC4: =COUNTIFS(veri!G:G,78,veri!I:I,">=100",veri!I:I,"<200") -> 0 | BD4: =COUNTIFS(veri!G:G,79,veri!I:I,">=100",veri!I:I,"<200") -> 0 | BE4: =COUNTIFS(veri!G:G,80,veri!I:I,">=100",veri!I:I,"<200") -> 0 | BF4: =COUNTIFS(veri!G:G,81,veri!I:I,">=100",veri!I:I,"<200") -> 0 | BG4: =COUNTIFS(veri!G:G,82,veri!I:I,">=100",veri!I:I,"<200") -> 0 | BH4: =COUNTIFS(veri!G:G,83,veri!I:I,">=100",veri!I:I,"<200") -> 0 | BI4: =COUNTIFS(veri!G:G,84,veri!I:I,">=100",veri!I:I,"<200") -> 0 | BJ4: =COUNTIFS(veri!G:G,85,veri!I:I,">=100",veri!I:I,"<200") -> 0 | BK4: =COUNTIFS(veri!G:G,86,veri!I:I,">=100",veri!I:I,"<200") -> 0 | BL4: =COUNTIFS(veri!G:G,87,veri!I:I,">=100",veri!I:I,"<200") -> 0 | BM4: =COUNTIFS(veri!G:G,88,veri!I:I,">=100",veri!I:I,"<200") -> 0 | BN4: =COUNTIFS(veri!G:G,89,veri!I:I,">=100",veri!I:I,"<200") -> 0 | BO4: =COUNTIFS(veri!G:G,90,veri!I:I,">=100",veri!I:I,"<200") -> 0 | BP4: =COUNTIFS(veri!G:G,91,veri!I:I,">=100",veri!I:I,"<200") -> 0 | BQ4: =COUNTIFS(veri!G:G,92,veri!I:I,">=100",veri!I:I,"<200") -> 0 | BR4: =COUNTIFS(veri!G:G,93,veri!I:I,">=100",veri!I:I,"<200") -> 0 | BS4: =COUNTIFS(veri!G:G,94,veri!I:I,">=100",veri!I:I,"<200") -> 0 | BT4: =COUNTIFS(veri!G:G,95,veri!I:I,">=100",veri!I:I,"<200") -> 0 | BU4: =COUNTIFS(veri!G:G,96,veri!I:I,">=100",veri!I:I,"<200") -> 0 | BV4: =COUNTIFS(veri!G:G,97,veri!I:I,">=100",veri!I:I,"<200") -> 0 | BW4: =COUNTIFS(veri!G:G,98,veri!I:I,">=100",veri!I:I,"<200") -> 0 | BX4: =COUNTIFS(veri!G:G,99,veri!I:I,">=100",veri!I:I,"<200") -> 0 | BY4: =COUNTIFS(veri!G:G,100,veri!I:I,">=100",veri!I:I,"<200") -> 0 | BZ4: =COUNTIFS(veri!G:G,101,veri!I:I,">=100",veri!I:I,"<200") -> 0 | CA4: =COUNTIFS(veri!G:G,102,veri!I:I,">=100",veri!I:I,"<200") -> 0 | CB4: =COUNTIFS(veri!G:G,103,veri!I:I,">=100",veri!I:I,"<200") -> 0 | CC4: =COUNTIFS(veri!G:G,104,veri!I:I,">=100",veri!I:I,"<200") -> 0 | CD4: =COUNTIFS(veri!G:G,105,veri!I:I,">=100",veri!I:I,"<200") -> 0 | CE4: =SUM(B4:AA4) -> 0 | CF4: =SUM(AB4:CD4) -> 0 | CG4: =CE4+CF4 -> 0 | CH4: =IFERROR(CG4/CG24*100,0) -> 0
A5: MALZEME DÜŞMESİ / SIKIŞMA | B5: =COUNTIFS(veri!G:G,1,veri!I:I,">=200",veri!I:I,"<300") -> 0 | C5: =COUNTIFS(veri!G:G,2,veri!I:I,">=200",veri!I:I,"<300") -> 0 | D5: =COUNTIFS(veri!G:G,3,veri!I:I,">=200",veri!I:I,"<300") -> 0 | E5: =COUNTIFS(veri!G:G,4,veri!I:I,">=200",veri!I:I,"<300") -> 0 | F5: =COUNTIFS(veri!G:G,5,veri!I:I,">=200",veri!I:I,"<300") -> 0 | G5: =COUNTIFS(veri!G:G,6,veri!I:I,">=200",veri!I:I,"<300") -> 0 | H5: =COUNTIFS(veri!G:G,7,veri!I:I,">=200",veri!I:I,"<300") -> 0 | I5: =COUNTIFS(veri!G:G,8,veri!I:I,">=200",veri!I:I,"<300") -> 0 | J5: =COUNTIFS(veri!G:G,9,veri!I:I,">=200",veri!I:I,"<300") -> 0 | K5: =COUNTIFS(veri!G:G,10,veri!I:I,">=200",veri!I:I,"<300") -> 0 | L5: =COUNTIFS(veri!G:G,11,veri!I:I,">=200",veri!I:I,"<300") -> 0 | M5: =COUNTIFS(veri!G:G,12,veri!I:I,">=200",veri!I:I,"<300") -> 0 | N5: =COUNTIFS(veri!G:G,13,veri!I:I,">=200",veri!I:I,"<300") -> 0 | O5: =COUNTIFS(veri!G:G,14,veri!I:I,">=200",veri!I:I,"<300") -> 0 | P5: =COUNTIFS(veri!G:G,15,veri!I:I,">=200",veri!I:I,"<300") -> 0 | Q5: =COUNTIFS(veri!G:G,16,veri!I:I,">=200",veri!I:I,"<300") -> 0 | R5: =COUNTIFS(veri!G:G,17,veri!I:I,">=200",veri!I:I,"<300") -> 0 | S5: =COUNTIFS(veri!G:G,18,veri!I:I,">=200",veri!I:I,"<300") -> 0 | T5: =COUNTIFS(veri!G:G,19,veri!I:I,">=200",veri!I:I,"<300") -> 0 | U5: =COUNTIFS(veri!G:G,20,veri!I:I,">=200",veri!I:I,"<300") -> 0 | V5: =COUNTIFS(veri!G:G,21,veri!I:I,">=200",veri!I:I,"<300") -> 0 | W5: =COUNTIFS(veri!G:G,22,veri!I:I,">=200",veri!I:I,"<300") -> 0 | X5: =COUNTIFS(veri!G:G,23,veri!I:I,">=200",veri!I:I,"<300") -> 0 | Y5: =COUNTIFS(veri!G:G,24,veri!I:I,">=200",veri!I:I,"<300") -> 0 | Z5: =COUNTIFS(veri!G:G,25,veri!I:I,">=200",veri!I:I,"<300") -> 0 | AA5: =COUNTIFS(veri!G:G,26,veri!I:I,">=200",veri!I:I,"<300") -> 0 | AB5: =COUNTIFS(veri!G:G,51,veri!I:I,">=200",veri!I:I,"<300") -> 0 | AC5: =COUNTIFS(veri!G:G,52,veri!I:I,">=200",veri!I:I,"<300") -> 0 | AD5: =COUNTIFS(veri!G:G,53,veri!I:I,">=200",veri!I:I,"<300") -> 0 | AE5: =COUNTIFS(veri!G:G,54,veri!I:I,">=200",veri!I:I,"<300") -> 0 | AF5: =COUNTIFS(veri!G:G,55,veri!I:I,">=200",veri!I:I,"<300") -> 0 | AG5: =COUNTIFS(veri!G:G,56,veri!I:I,">=200",veri!I:I,"<300") -> 0 | AH5: =COUNTIFS(veri!G:G,57,veri!I:I,">=200",veri!I:I,"<300") -> 0 | AI5: =COUNTIFS(veri!G:G,58,veri!I:I,">=200",veri!I:I,"<300") -> 0 | AJ5: =COUNTIFS(veri!G:G,59,veri!I:I,">=200",veri!I:I,"<300") -> 0 | AK5: =COUNTIFS(veri!G:G,60,veri!I:I,">=200",veri!I:I,"<300") -> 0 | AL5: =COUNTIFS(veri!G:G,61,veri!I:I,">=200",veri!I:I,"<300") -> 0 | AM5: =COUNTIFS(veri!G:G,62,veri!I:I,">=200",veri!I:I,"<300") -> 0 | AN5: =COUNTIFS(veri!G:G,63,veri!I:I,">=200",veri!I:I,"<300") -> 0 | AO5: =COUNTIFS(veri!G:G,64,veri!I:I,">=200",veri!I:I,"<300") -> 0 | AP5: =COUNTIFS(veri!G:G,65,veri!I:I,">=200",veri!I:I,"<300") -> 0 | AQ5: =COUNTIFS(veri!G:G,66,veri!I:I,">=200",veri!I:I,"<300") -> 0 | AR5: =COUNTIFS(veri!G:G,67,veri!I:I,">=200",veri!I:I,"<300") -> 0 | AS5: =COUNTIFS(veri!G:G,68,veri!I:I,">=200",veri!I:I,"<300") -> 0 | AT5: =COUNTIFS(veri!G:G,69,veri!I:I,">=200",veri!I:I,"<300") -> 0 | AU5: =COUNTIFS(veri!G:G,70,veri!I:I,">=200",veri!I:I,"<300") -> 1 | AV5: =COUNTIFS(veri!G:G,71,veri!I:I,">=200",veri!I:I,"<300") -> 0 | AW5: =COUNTIFS(veri!G:G,72,veri!I:I,">=200",veri!I:I,"<300") -> 0 | AX5: =COUNTIFS(veri!G:G,73,veri!I:I,">=200",veri!I:I,"<300") -> 0 | AY5: =COUNTIFS(veri!G:G,74,veri!I:I,">=200",veri!I:I,"<300") -> 0 | AZ5: =COUNTIFS(veri!G:G,75,veri!I:I,">=200",veri!I:I,"<300") -> 0 | BA5: =COUNTIFS(veri!G:G,76,veri!I:I,">=200",veri!I:I,"<300") -> 0 | BB5: =COUNTIFS(veri!G:G,77,veri!I:I,">=200",veri!I:I,"<300") -> 0 | BC5: =COUNTIFS(veri!G:G,78,veri!I:I,">=200",veri!I:I,"<300") -> 0 | BD5: =COUNTIFS(veri!G:G,79,veri!I:I,">=200",veri!I:I,"<300") -> 0 | BE5: =COUNTIFS(veri!G:G,80,veri!I:I,">=200",veri!I:I,"<300") -> 0 | BF5: =COUNTIFS(veri!G:G,81,veri!I:I,">=200",veri!I:I,"<300") -> 0 | BG5: =COUNTIFS(veri!G:G,82,veri!I:I,">=200",veri!I:I,"<300") -> 0 | BH5: =COUNTIFS(veri!G:G,83,veri!I:I,">=200",veri!I:I,"<300") -> 0 | BI5: =COUNTIFS(veri!G:G,84,veri!I:I,">=200",veri!I:I,"<300") -> 0 | BJ5: =COUNTIFS(veri!G:G,85,veri!I:I,">=200",veri!I:I,"<300") -> 0 | BK5: =COUNTIFS(veri!G:G,86,veri!I:I,">=200",veri!I:I,"<300") -> 0 | BL5: =COUNTIFS(veri!G:G,87,veri!I:I,">=200",veri!I:I,"<300") -> 0 | BM5: =COUNTIFS(veri!G:G,88,veri!I:I,">=200",veri!I:I,"<300") -> 0 | BN5: =COUNTIFS(veri!G:G,89,veri!I:I,">=200",veri!I:I,"<300") -> 0 | BO5: =COUNTIFS(veri!G:G,90,veri!I:I,">=200",veri!I:I,"<300") -> 0 | BP5: =COUNTIFS(veri!G:G,91,veri!I:I,">=200",veri!I:I,"<300") -> 0 | BQ5: =COUNTIFS(veri!G:G,92,veri!I:I,">=200",veri!I:I,"<300") -> 0 | BR5: =COUNTIFS(veri!G:G,93,veri!I:I,">=200",veri!I:I,"<300") -> 0 | BS5: =COUNTIFS(veri!G:G,94,veri!I:I,">=200",veri!I:I,"<300") -> 0 | BT5: =COUNTIFS(veri!G:G,95,veri!I:I,">=200",veri!I:I,"<300") -> 0 | BU5: =COUNTIFS(veri!G:G,96,veri!I:I,">=200",veri!I:I,"<300") -> 0 | BV5: =COUNTIFS(veri!G:G,97,veri!I:I,">=200",veri!I:I,"<300") -> 0 | BW5: =COUNTIFS(veri!G:G,98,veri!I:I,">=200",veri!I:I,"<300") -> 0 | BX5: =COUNTIFS(veri!G:G,99,veri!I:I,">=200",veri!I:I,"<300") -> 0 | BY5: =COUNTIFS(veri!G:G,100,veri!I:I,">=200",veri!I:I,"<300") -> 0 | BZ5: =COUNTIFS(veri!G:G,101,veri!I:I,">=200",veri!I:I,"<300") -> 0 | CA5: =COUNTIFS(veri!G:G,102,veri!I:I,">=200",veri!I:I,"<300") -> 0 | CB5: =COUNTIFS(veri!G:G,103,veri!I:I,">=200",veri!I:I,"<300") -> 0 | CC5: =COUNTIFS(veri!G:G,104,veri!I:I,">=200",veri!I:I,"<300") -> 0 | CD5: =COUNTIFS(veri!G:G,105,veri!I:I,">=200",veri!I:I,"<300") -> 0 | CE5: =SUM(B5:AA5) -> 0 | CF5: =SUM(AB5:CD5) -> 1 | CG5: =CE5+CF5 -> 1 | CH5: =IFERROR(CG5/CG24*100,0) -> 0
A6: DÜŞME (KİŞİ) | B6: =COUNTIFS(veri!G:G,1,veri!I:I,">=300",veri!I:I,"<400") -> 0 | C6: =COUNTIFS(veri!G:G,2,veri!I:I,">=300",veri!I:I,"<400") -> 0 | D6: =COUNTIFS(veri!G:G,3,veri!I:I,">=300",veri!I:I,"<400") -> 0 | E6: =COUNTIFS(veri!G:G,4,veri!I:I,">=300",veri!I:I,"<400") -> 0 | F6: =COUNTIFS(veri!G:G,5,veri!I:I,">=300",veri!I:I,"<400") -> 0 | G6: =COUNTIFS(veri!G:G,6,veri!I:I,">=300",veri!I:I,"<400") -> 0 | H6: =COUNTIFS(veri!G:G,7,veri!I:I,">=300",veri!I:I,"<400") -> 0 | I6: =COUNTIFS(veri!G:G,8,veri!I:I,">=300",veri!I:I,"<400") -> 0 | J6: =COUNTIFS(veri!G:G,9,veri!I:I,">=300",veri!I:I,"<400") -> 0 | K6: =COUNTIFS(veri!G:G,10,veri!I:I,">=300",veri!I:I,"<400") -> 0 | L6: =COUNTIFS(veri!G:G,11,veri!I:I,">=300",veri!I:I,"<400") -> 0 | M6: =COUNTIFS(veri!G:G,12,veri!I:I,">=300",veri!I:I,"<400") -> 0 | N6: =COUNTIFS(veri!G:G,13,veri!I:I,">=300",veri!I:I,"<400") -> 0 | O6: =COUNTIFS(veri!G:G,14,veri!I:I,">=300",veri!I:I,"<400") -> 0 | P6: =COUNTIFS(veri!G:G,15,veri!I:I,">=300",veri!I:I,"<400") -> 0 | Q6: =COUNTIFS(veri!G:G,16,veri!I:I,">=300",veri!I:I,"<400") -> 0 | R6: =COUNTIFS(veri!G:G,17,veri!I:I,">=300",veri!I:I,"<400") -> 0 | S6: =COUNTIFS(veri!G:G,18,veri!I:I,">=300",veri!I:I,"<400") -> 0 | T6: =COUNTIFS(veri!G:G,19,veri!I:I,">=300",veri!I:I,"<400") -> 0 | U6: =COUNTIFS(veri!G:G,20,veri!I:I,">=300",veri!I:I,"<400") -> 0 | V6: =COUNTIFS(veri!G:G,21,veri!I:I,">=300",veri!I:I,"<400") -> 0 | W6: =COUNTIFS(veri!G:G,22,veri!I:I,">=300",veri!I:I,"<400") -> 0 | X6: =COUNTIFS(veri!G:G,23,veri!I:I,">=300",veri!I:I,"<400") -> 0 | Y6: =COUNTIFS(veri!G:G,24,veri!I:I,">=300",veri!I:I,"<400") -> 0 | Z6: =COUNTIFS(veri!G:G,25,veri!I:I,">=300",veri!I:I,"<400") -> 0 | AA6: =COUNTIFS(veri!G:G,26,veri!I:I,">=300",veri!I:I,"<400") -> 0 | AB6: =COUNTIFS(veri!G:G,51,veri!I:I,">=300",veri!I:I,"<400") -> 0 | AC6: =COUNTIFS(veri!G:G,52,veri!I:I,">=300",veri!I:I,"<400") -> 0 | AD6: =COUNTIFS(veri!G:G,53,veri!I:I,">=300",veri!I:I,"<400") -> 0 | AE6: =COUNTIFS(veri!G:G,54,veri!I:I,">=300",veri!I:I,"<400") -> 0 | AF6: =COUNTIFS(veri!G:G,55,veri!I:I,">=300",veri!I:I,"<400") -> 1 | AG6: =COUNTIFS(veri!G:G,56,veri!I:I,">=300",veri!I:I,"<400") -> 0 | AH6: =COUNTIFS(veri!G:G,57,veri!I:I,">=300",veri!I:I,"<400") -> 0 | AI6: =COUNTIFS(veri!G:G,58,veri!I:I,">=300",veri!I:I,"<400") -> 0 | AJ6: =COUNTIFS(veri!G:G,59,veri!I:I,">=300",veri!I:I,"<400") -> 1 | AK6: =COUNTIFS(veri!G:G,60,veri!I:I,">=300",veri!I:I,"<400") -> 0 | AL6: =COUNTIFS(veri!G:G,61,veri!I:I,">=300",veri!I:I,"<400") -> 0 | AM6: =COUNTIFS(veri!G:G,62,veri!I:I,">=300",veri!I:I,"<400") -> 0 | AN6: =COUNTIFS(veri!G:G,63,veri!I:I,">=300",veri!I:I,"<400") -> 0 | AO6: =COUNTIFS(veri!G:G,64,veri!I:I,">=300",veri!I:I,"<400") -> 0 | AP6: =COUNTIFS(veri!G:G,65,veri!I:I,">=300",veri!I:I,"<400") -> 0 | AQ6: =COUNTIFS(veri!G:G,66,veri!I:I,">=300",veri!I:I,"<400") -> 0 | AR6: =COUNTIFS(veri!G:G,67,veri!I:I,">=300",veri!I:I,"<400") -> 0 | AS6: =COUNTIFS(veri!G:G,68,veri!I:I,">=300",veri!I:I,"<400") -> 0 | AT6: =COUNTIFS(veri!G:G,69,veri!I:I,">=300",veri!I:I,"<400") -> 0 | AU6: =COUNTIFS(veri!G:G,70,veri!I:I,">=300",veri!I:I,"<400") -> 0 | AV6: =COUNTIFS(veri!G:G,71,veri!I:I,">=300",veri!I:I,"<400") -> 0 | AW6: =COUNTIFS(veri!G:G,72,veri!I:I,">=300",veri!I:I,"<400") -> 0 | AX6: =COUNTIFS(veri!G:G,73,veri!I:I,">=300",veri!I:I,"<400") -> 0 | AY6: =COUNTIFS(veri!G:G,74,veri!I:I,">=300",veri!I:I,"<400") -> 0 | AZ6: =COUNTIFS(veri!G:G,75,veri!I:I,">=300",veri!I:I,"<400") -> 0 | BA6: =COUNTIFS(veri!G:G,76,veri!I:I,">=300",veri!I:I,"<400") -> 0 | BB6: =COUNTIFS(veri!G:G,77,veri!I:I,">=300",veri!I:I,"<400") -> 0 | BC6: =COUNTIFS(veri!G:G,78,veri!I:I,">=300",veri!I:I,"<400") -> 0 | BD6: =COUNTIFS(veri!G:G,79,veri!I:I,">=300",veri!I:I,"<400") -> 0 | BE6: =COUNTIFS(veri!G:G,80,veri!I:I,">=300",veri!I:I,"<400") -> 0 | BF6: =COUNTIFS(veri!G:G,81,veri!I:I,">=300",veri!I:I,"<400") -> 0 | BG6: =COUNTIFS(veri!G:G,82,veri!I:I,">=300",veri!I:I,"<400") -> 0 | BH6: =COUNTIFS(veri!G:G,83,veri!I:I,">=300",veri!I:I,"<400") -> 0 | BI6: =COUNTIFS(veri!G:G,84,veri!I:I,">=300",veri!I:I,"<400") -> 0 | BJ6: =COUNTIFS(veri!G:G,85,veri!I:I,">=300",veri!I:I,"<400") -> 0 | BK6: =COUNTIFS(veri!G:G,86,veri!I:I,">=300",veri!I:I,"<400") -> 0 | BL6: =COUNTIFS(veri!G:G,87,veri!I:I,">=300",veri!I:I,"<400") -> 0 | BM6: =COUNTIFS(veri!G:G,88,veri!I:I,">=300",veri!I:I,"<400") -> 0 | BN6: =COUNTIFS(veri!G:G,89,veri!I:I,">=300",veri!I:I,"<400") -> 0 | BO6: =COUNTIFS(veri!G:G,90,veri!I:I,">=300",veri!I:I,"<400") -> 0 | BP6: =COUNTIFS(veri!G:G,91,veri!I:I,">=300",veri!I:I,"<400") -> 0 | BQ6: =COUNTIFS(veri!G:G,92,veri!I:I,">=300",veri!I:I,"<400") -> 0 | BR6: =COUNTIFS(veri!G:G,93,veri!I:I,">=300",veri!I:I,"<400") -> 0 | BS6: =COUNTIFS(veri!G:G,94,veri!I:I,">=300",veri!I:I,"<400") -> 0 | BT6: =COUNTIFS(veri!G:G,95,veri!I:I,">=300",veri!I:I,"<400") -> 0 | BU6: =COUNTIFS(veri!G:G,96,veri!I:I,">=300",veri!I:I,"<400") -> 1 | BV6: =COUNTIFS(veri!G:G,97,veri!I:I,">=300",veri!I:I,"<400") -> 0 | BW6: =COUNTIFS(veri!G:G,98,veri!I:I,">=300",veri!I:I,"<400") -> 0 | BX6: =COUNTIFS(veri!G:G,99,veri!I:I,">=300",veri!I:I,"<400") -> 0 | BY6: =COUNTIFS(veri!G:G,100,veri!I:I,">=300",veri!I:I,"<400") -> 0 | BZ6: =COUNTIFS(veri!G:G,101,veri!I:I,">=300",veri!I:I,"<400") -> 0 | CA6: =COUNTIFS(veri!G:G,102,veri!I:I,">=300",veri!I:I,"<400") -> 0 | CB6: =COUNTIFS(veri!G:G,103,veri!I:I,">=300",veri!I:I,"<400") -> 0 | CC6: =COUNTIFS(veri!G:G,104,veri!I:I,">=300",veri!I:I,"<400") -> 0 | CD6: =COUNTIFS(veri!G:G,105,veri!I:I,">=300",veri!I:I,"<400") -> 0 | CE6: =SUM(B6:AA6) -> 0 | CF6: =SUM(AB6:CD6) -> 3 | CG6: =CE6+CF6 -> 3 | CH6: =IFERROR(CG6/CG24*100,0) -> 0
